probe_id,seed,n_slice,condition,topic,pipeline_rank,cosine_rank,pipeline_hit_at_k,cosine_hit_at_k,s4_contradiction_emitted,anti_hits_count,hint_kinds,pipeline_top1_text,route,cue_hash,arousal_route,arousal_cue_hash
post-0000-13,13,0,post_flip,bug_fix_eta,2,2,1,1,1,0,"s4_contradiction,s4_contradiction,s4_contradiction,s4_contradiction,s4_contradiction,s4_contradiction,s4_contradiction,s4_contradiction,s4_contradiction,s4_contradiction",The fix ships in week 14.,efe_shadow,30693469,arousal_shadow,30693469
post-0001-13,13,0,post_flip,dependency_lib,2,2,1,1,1,0,"s4_contradiction,s4_contradiction,s4_contradiction,s4_contradiction,s4_contradiction,s4_contradiction,s4_contradiction,s4_contradiction,s4_contradiction,s4_contradiction",We use OpenSSL for crypto.,efe_real,3d3d7ff7,arousal_real,3d3d7ff7
post-0002-13,13,0,post_flip,launch_date,2,2,1,1,1,0,"s4_contradiction,s4_contradiction,s4_contradiction,s4_contradiction,s4_contradiction,s4_contradiction,s4_contradiction,s4_contradiction,s4_contradiction,s4_contradiction",The product launches on 2026-06-01.,efe_real,cf50ae39,arousal_real,cf50ae39
post-0003-13,13,0,post_flip,price_usd,2,1,1,1,1,0,"s4_contradiction,s4_contradiction,s4_contradiction,s4_contradiction,s4_contradiction,s4_contradiction,s4_contradiction,s4_contradiction,s4_contradiction,s4_contradiction",Annual subscription is $499.,efe_real,5d38734a,arousal_real,5d38734a
post-0004-13,13,0,post_flip,supplier_name,2,2,1,1,1,0,"s4_contradiction,s4_contradiction,s4_contradiction,s4_contradiction,s4_contradiction,s4_contradiction,s4_contradiction,s4_contradiction,s4_contradiction,s4_contradiction",We source components from Acme Industries.,efe_shadow,304e2924,arousal_shadow,304e2924
post-0005-13,13,0,post_flip,conference_city,2,2,1,1,1,0,"s4_contradiction,s4_contradiction,s4_contradiction,s4_contradiction,s4_contradiction,s4_contradiction,s4_contradiction,s4_contradiction,s4_contradiction,s4_contradiction",Annual conference will be in Berlin.,efe_real,43730606,arousal_real,43730606
post-0006-13,13,0,post_flip,ceo_name,1,1,1,1,1,0,"s4_contradiction,s4_contradiction,s4_contradiction,s4_contradiction,s4_contradiction,s4_contradiction,s4_contradiction,s4_contradiction,s4_contradiction,s4_contradiction",Update: the actual CEO is Marcus Chen.,efe_real,75575679,arousal_real,75575679
post-0007-13,13,0,post_flip,ceo_name,1,1,1,1,1,0,"s4_contradiction,s4_contradiction,s4_contradiction,s4_contradiction,s4_contradiction,s4_contradiction,s4_contradiction,s4_contradiction,s4_contradiction,s4_contradiction",Update: the actual CEO is Marcus Chen.,efe_real,75575679,arousal_real,75575679
post-0008-13,13,0,post_flip,budget_ceiling,2,2,1,1,1,0,"s4_contradiction,s4_contradiction,s4_contradiction,s4_contradiction,s4_contradiction,s4_contradiction,s4_contradiction,s4_contradiction,s4_contradiction,s4_contradiction",Q3 budget ceiling is $50k.,efe_shadow,9271141b,arousal_shadow,9271141b
post-0009-13,13,0,post_flip,price_usd,2,1,1,1,1,0,"s4_contradiction,s4_contradiction,s4_contradiction,s4_contradiction,s4_contradiction,s4_contradiction,s4_contradiction,s4_contradiction,s4_contradiction,s4_contradiction",Annual subscription is $499.,efe_real,5d38734a,arousal_real,5d38734a
post-0010-13,13,0,post_flip,dependency_lib,2,2,1,1,1,0,"s4_contradiction,s4_contradiction,s4_contradiction,s4_contradiction,s4_contradiction,s4_contradiction,s4_contradiction,s4_contradiction,s4_contradiction,s4_contradiction",We use OpenSSL for crypto.,efe_real,3d3d7ff7,arousal_real,3d3d7ff7
post-0011-13,13,0,post_flip,budget_ceiling,2,2,1,1,1,0,"s4_contradiction,s4_contradiction,s4_contradiction,s4_contradiction,s4_contradiction,s4_contradiction,s4_contradiction,s4_contradiction,s4_contradiction,s4_contradiction",Q3 budget ceiling is $50k.,efe_shadow,9271141b,arousal_shadow,9271141b
post-0012-13,13,0,post_flip,launch_date,2,2,1,1,1,0,"s4_contradiction,s4_contradiction,s4_contradiction,s4_contradiction,s4_contradiction,s4_contradiction,s4_contradiction,s4_contradiction,s4_contradiction,s4_contradiction",The product launches on 2026-06-01.,efe_real,cf50ae39,arousal_real,cf50ae39
post-0013-13,13,0,post_flip,supplier_name,2,2,1,1,1,0,"s4_contradiction,s4_contradiction,s4_contradiction,s4_contradiction,s4_contradiction,s4_contradiction,s4_contradiction,s4_contradiction,s4_contradiction,s4_contradiction",We source components from Acme Industries.,efe_shadow,304e2924,arousal_shadow,304e2924
post-0014-13,13,0,post_flip,ceo_name,1,1,1,1,1,0,"s4_contradiction,s4_contradiction,s4_contradiction,s4_contradiction,s4_contradiction,s4_contradiction,s4_contradiction,s4_contradiction,s4_contradiction,s4_contradiction",Update: the actual CEO is Marcus Chen.,efe_real,75575679,arousal_real,75575679
post-0015-13,13,0,post_flip,api_version,1,1,1,1,1,0,"s4_contradiction,s4_contradiction,s4_contradiction,s4_contradiction,s4_contradiction,s4_contradiction,s4_contradiction,s4_contradiction,s4_contradiction,s4_contradiction",API rolled forward to version 3.0.,efe_real,3d6dc512,arousal_real,3d6dc512
post-0016-13,13,0,post_flip,api_version,1,1,1,1,1,0,"s4_contradiction,s4_contradiction,s4_contradiction,s4_contradiction,s4_contradiction,s4_contradiction,s4_contradiction,s4_contradiction,s4_contradiction,s4_contradiction",API rolled forward to version 3.0.,efe_real,3d6dc512,arousal_real,3d6dc512
post-0017-13,13,0,post_flip,budget_ceiling,2,2,1,1,1,0,"s4_contradiction,s4_contradiction,s4_contradiction,s4_contradiction,s4_contradiction,s4_contradiction,s4_contradiction,s4_contradiction,s4_contradiction,s4_contradiction",Q3 budget ceiling is $50k.,efe_shadow,9271141b,arousal_shadow,9271141b
post-0018-13,13,0,post_flip,launch_date,2,2,1,1,1,0,"s4_contradiction,s4_contradiction,s4_contradiction,s4_contradiction,s4_contradiction,s4_contradiction,s4_contradiction,s4_contradiction,s4_contradiction,s4_contradiction",The product launches on 2026-06-01.,efe_real,cf50ae39,arousal_real,cf50ae39
post-0019-13,13,0,post_flip,bug_fix_eta,2,2,1,1,1,0,"s4_contradiction,s4_contradiction,s4_contradiction,s4_contradiction,s4_contradiction,s4_contradiction,s4_contradiction,s4_contradiction,s4_contradiction,s4_contradiction",The fix ships in week 14.,efe_shadow,30693469,arousal_shadow,30693469
post-0020-13,13,0,post_flip,supplier_name,2,2,1,1,1,0,"s4_contradiction,s4_contradiction,s4_contradiction,s4_contradiction,s4_contradiction,s4_contradiction,s4_contradiction,s4_contradiction,s4_contradiction,s4_contradiction",We source components from Acme Industries.,efe_shadow,304e2924,arousal_shadow,304e2924
post-0021-13,13,0,post_flip,hq_city,2,2,1,1,1,0,"s4_contradiction,s4_contradiction,s4_contradiction,s4_contradiction,s4_contradiction,s4_contradiction,s4_contradiction,s4_contradiction,s4_contradiction,s4_contradiction","Headquarters in Austin, Texas.",efe_real,73484533,arousal_real,73484533
post-0022-13,13,0,post_flip,bug_fix_eta,2,2,1,1,1,0,"s4_contradiction,s4_contradiction,s4_contradiction,s4_contradiction,s4_contradiction,s4_contradiction,s4_contradiction,s4_contradiction,s4_contradiction,s4_contradiction",The fix ships in week 14.,efe_shadow,30693469,arousal_shadow,30693469
post-0023-13,13,0,post_flip,bug_fix_eta,2,2,1,1,1,0,"s4_contradiction,s4_contradiction,s4_contradiction,s4_contradiction,s4_contradiction,s4_contradiction,s4_contradiction,s4_contradiction,s4_contradiction,s4_contradiction",The fix ships in week 14.,efe_shadow,30693469,arousal_shadow,30693469
post-0024-13,13,0,post_flip,api_version,1,1,1,1,1,0,"s4_contradiction,s4_contradiction,s4_contradiction,s4_contradiction,s4_contradiction,s4_contradiction,s4_contradiction,s4_contradiction,s4_contradiction,s4_contradiction",API rolled forward to version 3.0.,efe_real,3d6dc512,arousal_real,3d6dc512
post-0025-13,13,0,post_flip,supplier_name,2,2,1,1,1,0,"s4_contradiction,s4_contradiction,s4_contradiction,s4_contradiction,s4_contradiction,s4_contradiction,s4_contradiction,s4_contradiction,s4_contradiction,s4_contradiction",We source components from Acme Industries.,efe_shadow,304e2924,arousal_shadow,304e2924
post-0026-13,13,0,post_flip,supplier_name,2,2,1,1,1,0,"s4_contradiction,s4_contradiction,s4_contradiction,s4_contradiction,s4_contradiction,s4_contradiction,s4_contradiction,s4_contradiction,s4_contradiction,s4_contradiction",We source components from Acme Industries.,efe_shadow,304e2924,arousal_shadow,304e2924
post-0027-13,13,0,post_flip,budget_ceiling,2,2,1,1,1,0,"s4_contradiction,s4_contradiction,s4_contradiction,s4_contradiction,s4_contradiction,s4_contradiction,s4_contradiction,s4_contradiction,s4_contradiction,s4_contradiction",Q3 budget ceiling is $50k.,efe_shadow,9271141b,arousal_shadow,9271141b
post-0028-13,13,0,post_flip,hq_city,2,2,1,1,1,0,"s4_contradiction,s4_contradiction,s4_contradiction,s4_contradiction,s4_contradiction,s4_contradiction,s4_contradiction,s4_contradiction,s4_contradiction,s4_contradiction","Headquarters in Austin, Texas.",efe_real,73484533,arousal_real,73484533
post-0029-13,13,0,post_flip,supplier_name,2,2,1,1,1,0,"s4_contradiction,s4_contradiction,s4_contradiction,s4_contradiction,s4_contradiction,s4_contradiction,s4_contradiction,s4_contradiction,s4_contradiction,s4_contradiction",We source components from Acme Industries.,efe_shadow,304e2924,arousal_shadow,304e2924
post-0030-13,13,0,post_flip,launch_date,2,2,1,1,1,0,"s4_contradiction,s4_contradiction,s4_contradiction,s4_contradiction,s4_contradiction,s4_contradiction,s4_contradiction,s4_contradiction,s4_contradiction,s4_contradiction",The product launches on 2026-06-01.,efe_real,cf50ae39,arousal_real,cf50ae39
post-0031-13,13,0,post_flip,hq_city,2,2,1,1,1,0,"s4_contradiction,s4_contradiction,s4_contradiction,s4_contradiction,s4_contradiction,s4_contradiction,s4_contradiction,s4_contradiction,s4_contradiction,s4_contradiction","Headquarters in Austin, Texas.",efe_real,73484533,arousal_real,73484533
post-0032-13,13,0,post_flip,ceo_name,1,1,1,1,1,0,"s4_contradiction,s4_contradiction,s4_contradiction,s4_contradiction,s4_contradiction,s4_contradiction,s4_contradiction,s4_contradiction,s4_contradiction,s4_contradiction",Update: the actual CEO is Marcus Chen.,efe_real,75575679,arousal_real,75575679
post-0033-13,13,0,post_flip,ceo_name,1,1,1,1,1,0,"s4_contradiction,s4_contradiction,s4_contradiction,s4_contradiction,s4_contradiction,s4_contradiction,s4_contradiction,s4_contradiction,s4_contradiction,s4_contradiction",Update: the actual CEO is Marcus Chen.,efe_real,75575679,arousal_real,75575679
post-0034-13,13,0,post_flip,supplier_name,2,2,1,1,1,0,"s4_contradiction,s4_contradiction,s4_contradiction,s4_contradiction,s4_contradiction,s4_contradiction,s4_contradiction,s4_contradiction,s4_contradiction,s4_contradiction",We source components from Acme Industries.,efe_shadow,304e2924,arousal_shadow,304e2924
post-0035-13,13,0,post_flip,price_usd,2,1,1,1,1,0,"s4_contradiction,s4_contradiction,s4_contradiction,s4_contradiction,s4_contradiction,s4_contradiction,s4_contradiction,s4_contradiction,s4_contradiction,s4_contradiction",Annual subscription is $499.,efe_real,5d38734a,arousal_real,5d38734a
post-0036-13,13,0,post_flip,bug_fix_eta,2,2,1,1,1,0,"s4_contradiction,s4_contradiction,s4_contradiction,s4_contradiction,s4_contradiction,s4_contradiction,s4_contradiction,s4_contradiction,s4_contradiction,s4_contradiction",The fix ships in week 14.,efe_shadow,30693469,arousal_shadow,30693469
post-0037-13,13,0,post_flip,bug_fix_eta,2,2,1,1,1,0,"s4_contradiction,s4_contradiction,s4_contradiction,s4_contradiction,s4_contradiction,s4_contradiction,s4_contradiction,s4_contradiction,s4_contradiction,s4_contradiction",The fix ships in week 14.,efe_shadow,30693469,arousal_shadow,30693469
post-0038-13,13,0,post_flip,budget_ceiling,2,2,1,1,1,0,"s4_contradiction,s4_contradiction,s4_contradiction,s4_contradiction,s4_contradiction,s4_contradiction,s4_contradiction,s4_contradiction,s4_contradiction,s4_contradiction",Q3 budget ceiling is $50k.,efe_shadow,9271141b,arousal_shadow,9271141b
post-0039-13,13,0,post_flip,ceo_name,1,1,1,1,1,0,"s4_contradiction,s4_contradiction,s4_contradiction,s4_contradiction,s4_contradiction,s4_contradiction,s4_contradiction,s4_contradiction,s4_contradiction,s4_contradiction",Update: the actual CEO is Marcus Chen.,efe_real,75575679,arousal_real,75575679
post-0040-13,13,0,post_flip,dependency_lib,2,2,1,1,1,0,"s4_contradiction,s4_contradiction,s4_contradiction,s4_contradiction,s4_contradiction,s4_contradiction,s4_contradiction,s4_contradiction,s4_contradiction,s4_contradiction",We use OpenSSL for crypto.,efe_real,3d3d7ff7,arousal_real,3d3d7ff7
post-0041-13,13,0,post_flip,api_version,1,1,1,1,1,0,"s4_contradiction,s4_contradiction,s4_contradiction,s4_contradiction,s4_contradiction,s4_contradiction,s4_contradiction,s4_contradiction,s4_contradiction,s4_contradiction",API rolled forward to version 3.0.,efe_real,3d6dc512,arousal_real,3d6dc512
post-0042-13,13,0,post_flip,supplier_name,2,2,1,1,1,0,"s4_contradiction,s4_contradiction,s4_contradiction,s4_contradiction,s4_contradiction,s4_contradiction,s4_contradiction,s4_contradiction,s4_contradiction,s4_contradiction",We source components from Acme Industries.,efe_shadow,304e2924,arousal_shadow,304e2924
post-0043-13,13,0,post_flip,supplier_name,2,2,1,1,1,0,"s4_contradiction,s4_contradiction,s4_contradiction,s4_contradiction,s4_contradiction,s4_contradiction,s4_contradiction,s4_contradiction,s4_contradiction,s4_contradiction",We source components from Acme Industries.,efe_shadow,304e2924,arousal_shadow,304e2924
post-0044-13,13,0,post_flip,bug_fix_eta,2,2,1,1,1,0,"s4_contradiction,s4_contradiction,s4_contradiction,s4_contradiction,s4_contradiction,s4_contradiction,s4_contradiction,s4_contradiction,s4_contradiction,s4_contradiction",The fix ships in week 14.,efe_shadow,30693469,arousal_shadow,30693469
post-0045-13,13,0,post_flip,ceo_name,1,1,1,1,1,0,"s4_contradiction,s4_contradiction,s4_contradiction,s4_contradiction,s4_contradiction,s4_contradiction,s4_contradiction,s4_contradiction,s4_contradiction,s4_contradiction",Update: the actual CEO is Marcus Chen.,efe_real,75575679,arousal_real,75575679
post-0046-13,13,0,post_flip,bug_fix_eta,2,2,1,1,1,0,"s4_contradiction,s4_contradiction,s4_contradiction,s4_contradiction,s4_contradiction,s4_contradiction,s4_contradiction,s4_contradiction,s4_contradiction,s4_contradiction",The fix ships in week 14.,efe_shadow,30693469,arousal_shadow,30693469
post-0047-13,13,0,post_flip,launch_date,2,2,1,1,1,0,"s4_contradiction,s4_contradiction,s4_contradiction,s4_contradiction,s4_contradiction,s4_contradiction,s4_contradiction,s4_contradiction,s4_contradiction,s4_contradiction",The product launches on 2026-06-01.,efe_real,cf50ae39,arousal_real,cf50ae39
post-0048-13,13,0,post_flip,hq_city,2,2,1,1,1,0,"s4_contradiction,s4_contradiction,s4_contradiction,s4_contradiction,s4_contradiction,s4_contradiction,s4_contradiction,s4_contradiction,s4_contradiction,s4_contradiction","Headquarters in Austin, Texas.",efe_real,73484533,arousal_real,73484533
post-0049-13,13,0,post_flip,hq_city,2,2,1,1,1,0,"s4_contradiction,s4_contradiction,s4_contradiction,s4_contradiction,s4_contradiction,s4_contradiction,s4_contradiction,s4_contradiction,s4_contradiction,s4_contradiction","Headquarters in Austin, Texas.",efe_real,73484533,arousal_real,73484533
post-0050-13,13,0,post_flip,hq_city,2,2,1,1,1,0,"s4_contradiction,s4_contradiction,s4_contradiction,s4_contradiction,s4_contradiction,s4_contradiction,s4_contradiction,s4_contradiction,s4_contradiction,s4_contradiction","Headquarters in Austin, Texas.",efe_real,73484533,arousal_real,73484533
post-0051-13,13,0,post_flip,budget_ceiling,2,2,1,1,1,0,"s4_contradiction,s4_contradiction,s4_contradiction,s4_contradiction,s4_contradiction,s4_contradiction,s4_contradiction,s4_contradiction,s4_contradiction,s4_contradiction",Q3 budget ceiling is $50k.,efe_shadow,9271141b,arousal_shadow,9271141b
post-0052-13,13,0,post_flip,supplier_name,2,2,1,1,1,0,"s4_contradiction,s4_contradiction,s4_contradiction,s4_contradiction,s4_contradiction,s4_contradiction,s4_contradiction,s4_contradiction,s4_contradiction,s4_contradiction",We source components from Acme Industries.,efe_shadow,304e2924,arousal_shadow,304e2924
post-0053-13,13,0,post_flip,conference_city,2,2,1,1,1,0,"s4_contradiction,s4_contradiction,s4_contradiction,s4_contradiction,s4_contradiction,s4_contradiction,s4_contradiction,s4_contradiction,s4_contradiction,s4_contradiction",Annual conference will be in Berlin.,efe_real,43730606,arousal_real,43730606
post-0054-13,13,0,post_flip,launch_date,2,2,1,1,1,0,"s4_contradiction,s4_contradiction,s4_contradiction,s4_contradiction,s4_contradiction,s4_contradiction,s4_contradiction,s4_contradiction,s4_contradiction,s4_contradiction",The product launches on 2026-06-01.,efe_real,cf50ae39,arousal_real,cf50ae39
post-0055-13,13,0,post_flip,launch_date,2,2,1,1,1,0,"s4_contradiction,s4_contradiction,s4_contradiction,s4_contradiction,s4_contradiction,s4_contradiction,s4_contradiction,s4_contradiction,s4_contradiction,s4_contradiction",The product launches on 2026-06-01.,efe_real,cf50ae39,arousal_real,cf50ae39
post-0056-13,13,0,post_flip,supplier_name,2,2,1,1,1,0,"s4_contradiction,s4_contradiction,s4_contradiction,s4_contradiction,s4_contradiction,s4_contradiction,s4_contradiction,s4_contradiction,s4_contradiction,s4_contradiction",We source components from Acme Industries.,efe_shadow,304e2924,arousal_shadow,304e2924
post-0057-13,13,0,post_flip,supplier_name,2,2,1,1,1,0,"s4_contradiction,s4_contradiction,s4_contradiction,s4_contradiction,s4_contradiction,s4_contradiction,s4_contradiction,s4_contradiction,s4_contradiction,s4_contradiction",We source components from Acme Industries.,efe_shadow,304e2924,arousal_shadow,304e2924
post-0058-13,13,0,post_flip,ceo_name,1,1,1,1,1,0,"s4_contradiction,s4_contradiction,s4_contradiction,s4_contradiction,s4_contradiction,s4_contradiction,s4_contradiction,s4_contradiction,s4_contradiction,s4_contradiction",Update: the actual CEO is Marcus Chen.,efe_real,75575679,arousal_real,75575679
post-0059-13,13,0,post_flip,hq_city,2,2,1,1,1,0,"s4_contradiction,s4_contradiction,s4_contradiction,s4_contradiction,s4_contradiction,s4_contradiction,s4_contradiction,s4_contradiction,s4_contradiction,s4_contradiction","Headquarters in Austin, Texas.",efe_real,73484533,arousal_real,73484533
post-0060-13,13,0,post_flip,ceo_name,1,1,1,1,1,0,"s4_contradiction,s4_contradiction,s4_contradiction,s4_contradiction,s4_contradiction,s4_contradiction,s4_contradiction,s4_contradiction,s4_contradiction,s4_contradiction",Update: the actual CEO is Marcus Chen.,efe_real,75575679,arousal_real,75575679
post-0061-13,13,0,post_flip,conference_city,2,2,1,1,1,0,"s4_contradiction,s4_contradiction,s4_contradiction,s4_contradiction,s4_contradiction,s4_contradiction,s4_contradiction,s4_contradiction,s4_contradiction,s4_contradiction",Annual conference will be in Berlin.,efe_real,43730606,arousal_real,43730606
post-0062-13,13,0,post_flip,price_usd,2,1,1,1,1,0,"s4_contradiction,s4_contradiction,s4_contradiction,s4_contradiction,s4_contradiction,s4_contradiction,s4_contradiction,s4_contradiction,s4_contradiction,s4_contradiction",Annual subscription is $499.,efe_real,5d38734a,arousal_real,5d38734a
post-0063-13,13,0,post_flip,dependency_lib,2,2,1,1,1,0,"s4_contradiction,s4_contradiction,s4_contradiction,s4_contradiction,s4_contradiction,s4_contradiction,s4_contradiction,s4_contradiction,s4_contradiction,s4_contradiction",We use OpenSSL for crypto.,efe_real,3d3d7ff7,arousal_real,3d3d7ff7
post-0064-13,13,0,post_flip,conference_city,2,2,1,1,1,0,"s4_contradiction,s4_contradiction,s4_contradiction,s4_contradiction,s4_contradiction,s4_contradiction,s4_contradiction,s4_contradiction,s4_contradiction,s4_contradiction",Annual conference will be in Berlin.,efe_real,43730606,arousal_real,43730606
post-0065-13,13,0,post_flip,api_version,1,1,1,1,1,0,"s4_contradiction,s4_contradiction,s4_contradiction,s4_contradiction,s4_contradiction,s4_contradiction,s4_contradiction,s4_contradiction,s4_contradiction,s4_contradiction",API rolled forward to version 3.0.,efe_real,3d6dc512,arousal_real,3d6dc512
post-0066-13,13,0,post_flip,api_version,1,1,1,1,1,0,"s4_contradiction,s4_contradiction,s4_contradiction,s4_contradiction,s4_contradiction,s4_contradiction,s4_contradiction,s4_contradiction,s4_contradiction,s4_contradiction",API rolled forward to version 3.0.,efe_real,3d6dc512,arousal_real,3d6dc512
post-0067-13,13,0,post_flip,ceo_name,1,1,1,1,1,0,"s4_contradiction,s4_contradiction,s4_contradiction,s4_contradiction,s4_contradiction,s4_contradiction,s4_contradiction,s4_contradiction,s4_contradiction,s4_contradiction",Update: the actual CEO is Marcus Chen.,efe_real,75575679,arousal_real,75575679
post-0068-13,13,0,post_flip,launch_date,2,2,1,1,1,0,"s4_contradiction,s4_contradiction,s4_contradiction,s4_contradiction,s4_contradiction,s4_contradiction,s4_contradiction,s4_contradiction,s4_contradiction,s4_contradiction",The product launches on 2026-06-01.,efe_real,cf50ae39,arousal_real,cf50ae39
post-0069-13,13,0,post_flip,api_version,1,1,1,1,1,0,"s4_contradiction,s4_contradiction,s4_contradiction,s4_contradiction,s4_contradiction,s4_contradiction,s4_contradiction,s4_contradiction,s4_contradiction,s4_contradiction",API rolled forward to version 3.0.,efe_real,3d6dc512,arousal_real,3d6dc512
post-0070-13,13,0,post_flip,conference_city,2,2,1,1,1,0,"s4_contradiction,s4_contradiction,s4_contradiction,s4_contradiction,s4_contradiction,s4_contradiction,s4_contradiction,s4_contradiction,s4_contradiction,s4_contradiction",Annual conference will be in Berlin.,efe_real,43730606,arousal_real,43730606
post-0071-13,13,0,post_flip,conference_city,2,2,1,1,1,0,"s4_contradiction,s4_contradiction,s4_contradiction,s4_contradiction,s4_contradiction,s4_contradiction,s4_contradiction,s4_contradiction,s4_contradiction,s4_contradiction",Annual conference will be in Berlin.,efe_real,43730606,arousal_real,43730606
post-0072-13,13,0,post_flip,budget_ceiling,2,2,1,1,1,0,"s4_contradiction,s4_contradiction,s4_contradiction,s4_contradiction,s4_contradiction,s4_contradiction,s4_contradiction,s4_contradiction,s4_contradiction,s4_contradiction",Q3 budget ceiling is $50k.,efe_shadow,9271141b,arousal_shadow,9271141b
post-0073-13,13,0,post_flip,dependency_lib,2,2,1,1,1,0,"s4_contradiction,s4_contradiction,s4_contradiction,s4_contradiction,s4_contradiction,s4_contradiction,s4_contradiction,s4_contradiction,s4_contradiction,s4_contradiction",We use OpenSSL for crypto.,efe_real,3d3d7ff7,arousal_real,3d3d7ff7
post-0074-13,13,0,post_flip,hq_city,2,2,1,1,1,0,"s4_contradiction,s4_contradiction,s4_contradiction,s4_contradiction,s4_contradiction,s4_contradiction,s4_contradiction,s4_contradiction,s4_contradiction,s4_contradiction","Headquarters in Austin, Texas.",efe_real,73484533,arousal_real,73484533
post-0075-13,13,0,post_flip,supplier_name,2,2,1,1,1,0,"s4_contradiction,s4_contradiction,s4_contradiction,s4_contradiction,s4_contradiction,s4_contradiction,s4_contradiction,s4_contradiction,s4_contradiction,s4_contradiction",We source components from Acme Industries.,efe_shadow,304e2924,arousal_shadow,304e2924
post-0076-13,13,0,post_flip,hq_city,2,2,1,1,1,0,"s4_contradiction,s4_contradiction,s4_contradiction,s4_contradiction,s4_contradiction,s4_contradiction,s4_contradiction,s4_contradiction,s4_contradiction,s4_contradiction","Headquarters in Austin, Texas.",efe_real,73484533,arousal_real,73484533
post-0077-13,13,0,post_flip,launch_date,2,2,1,1,1,0,"s4_contradiction,s4_contradiction,s4_contradiction,s4_contradiction,s4_contradiction,s4_contradiction,s4_contradiction,s4_contradiction,s4_contradiction,s4_contradiction",The product launches on 2026-06-01.,efe_real,cf50ae39,arousal_real,cf50ae39
post-0078-13,13,0,post_flip,api_version,1,1,1,1,1,0,"s4_contradiction,s4_contradiction,s4_contradiction,s4_contradiction,s4_contradiction,s4_contradiction,s4_contradiction,s4_contradiction,s4_contradiction,s4_contradiction",API rolled forward to version 3.0.,efe_real,3d6dc512,arousal_real,3d6dc512
post-0079-13,13,0,post_flip,price_usd,2,1,1,1,1,0,"s4_contradiction,s4_contradiction,s4_contradiction,s4_contradiction,s4_contradiction,s4_contradiction,s4_contradiction,s4_contradiction,s4_contradiction,s4_contradiction",Annual subscription is $499.,efe_real,5d38734a,arousal_real,5d38734a
post-0080-13,13,0,post_flip,bug_fix_eta,2,2,1,1,1,0,"s4_contradiction,s4_contradiction,s4_contradiction,s4_contradiction,s4_contradiction,s4_contradiction,s4_contradiction,s4_contradiction,s4_contradiction,s4_contradiction",The fix ships in week 14.,efe_shadow,30693469,arousal_shadow,30693469
post-0081-13,13,0,post_flip,bug_fix_eta,2,2,1,1,1,0,"s4_contradiction,s4_contradiction,s4_contradiction,s4_contradiction,s4_contradiction,s4_contradiction,s4_contradiction,s4_contradiction,s4_contradiction,s4_contradiction",The fix ships in week 14.,efe_shadow,30693469,arousal_shadow,30693469
post-0082-13,13,0,post_flip,ceo_name,1,1,1,1,1,0,"s4_contradiction,s4_contradiction,s4_contradiction,s4_contradiction,s4_contradiction,s4_contradiction,s4_contradiction,s4_contradiction,s4_contradiction,s4_contradiction",Update: the actual CEO is Marcus Chen.,efe_real,75575679,arousal_real,75575679
post-0083-13,13,0,post_flip,supplier_name,2,2,1,1,1,0,"s4_contradiction,s4_contradiction,s4_contradiction,s4_contradiction,s4_contradiction,s4_contradiction,s4_contradiction,s4_contradiction,s4_contradiction,s4_contradiction",We source components from Acme Industries.,efe_shadow,304e2924,arousal_shadow,304e2924
post-0084-13,13,0,post_flip,budget_ceiling,2,2,1,1,1,0,"s4_contradiction,s4_contradiction,s4_contradiction,s4_contradiction,s4_contradiction,s4_contradiction,s4_contradiction,s4_contradiction,s4_contradiction,s4_contradiction",Q3 budget ceiling is $50k.,efe_shadow,9271141b,arousal_shadow,9271141b
post-0085-13,13,0,post_flip,supplier_name,2,2,1,1,1,0,"s4_contradiction,s4_contradiction,s4_contradiction,s4_contradiction,s4_contradiction,s4_contradiction,s4_contradiction,s4_contradiction,s4_contradiction,s4_contradiction",We source components from Acme Industries.,efe_shadow,304e2924,arousal_shadow,304e2924
post-0086-13,13,0,post_flip,price_usd,2,1,1,1,1,0,"s4_contradiction,s4_contradiction,s4_contradiction,s4_contradiction,s4_contradiction,s4_contradiction,s4_contradiction,s4_contradiction,s4_contradiction,s4_contradiction",Annual subscription is $499.,efe_real,5d38734a,arousal_real,5d38734a
post-0087-13,13,0,post_flip,budget_ceiling,2,2,1,1,1,0,"s4_contradiction,s4_contradiction,s4_contradiction,s4_contradiction,s4_contradiction,s4_contradiction,s4_contradiction,s4_contradiction,s4_contradiction,s4_contradiction",Q3 budget ceiling is $50k.,efe_shadow,9271141b,arousal_shadow,9271141b
post-0088-13,13,0,post_flip,ceo_name,1,1,1,1,1,0,"s4_contradiction,s4_contradiction,s4_contradiction,s4_contradiction,s4_contradiction,s4_contradiction,s4_contradiction,s4_contradiction,s4_contradiction,s4_contradiction",Update: the actual CEO is Marcus Chen.,efe_real,75575679,arousal_real,75575679
post-0089-13,13,0,post_flip,bug_fix_eta,2,2,1,1,1,0,"s4_contradiction,s4_contradiction,s4_contradiction,s4_contradiction,s4_contradiction,s4_contradiction,s4_contradiction,s4_contradiction,s4_contradiction,s4_contradiction",The fix ships in week 14.,efe_shadow,30693469,arousal_shadow,30693469
post-0090-13,13,0,post_flip,budget_ceiling,2,2,1,1,1,0,"s4_contradiction,s4_contradiction,s4_contradiction,s4_contradiction,s4_contradiction,s4_contradiction,s4_contradiction,s4_contradiction,s4_contradiction,s4_contradiction",Q3 budget ceiling is $50k.,efe_shadow,9271141b,arousal_shadow,9271141b
post-0091-13,13,0,post_flip,bug_fix_eta,2,2,1,1,1,0,"s4_contradiction,s4_contradiction,s4_contradiction,s4_contradiction,s4_contradiction,s4_contradiction,s4_contradiction,s4_contradiction,s4_contradiction,s4_contradiction",The fix ships in week 14.,efe_shadow,30693469,arousal_shadow,30693469
post-0092-13,13,0,post_flip,price_usd,2,1,1,1,1,0,"s4_contradiction,s4_contradiction,s4_contradiction,s4_contradiction,s4_contradiction,s4_contradiction,s4_contradiction,s4_contradiction,s4_contradiction,s4_contradiction",Annual subscription is $499.,efe_real,5d38734a,arousal_real,5d38734a
post-0093-13,13,0,post_flip,conference_city,2,2,1,1,1,0,"s4_contradiction,s4_contradiction,s4_contradiction,s4_contradiction,s4_contradiction,s4_contradiction,s4_contradiction,s4_contradiction,s4_contradiction,s4_contradiction",Annual conference will be in Berlin.,efe_real,43730606,arousal_real,43730606
post-0094-13,13,0,post_flip,ceo_name,1,1,1,1,1,0,"s4_contradiction,s4_contradiction,s4_contradiction,s4_contradiction,s4_contradiction,s4_contradiction,s4_contradiction,s4_contradiction,s4_contradiction,s4_contradiction",Update: the actual CEO is Marcus Chen.,efe_real,75575679,arousal_real,75575679
post-0095-13,13,0,post_flip,bug_fix_eta,2,2,1,1,1,0,"s4_contradiction,s4_contradiction,s4_contradiction,s4_contradiction,s4_contradiction,s4_contradiction,s4_contradiction,s4_contradiction,s4_contradiction,s4_contradiction",The fix ships in week 14.,efe_shadow,30693469,arousal_shadow,30693469
post-0096-13,13,0,post_flip,price_usd,2,1,1,1,1,0,"s4_contradiction,s4_contradiction,s4_contradiction,s4_contradiction,s4_contradiction,s4_contradiction,s4_contradiction,s4_contradiction,s4_contradiction,s4_contradiction",Annual subscription is $499.,efe_real,5d38734a,arousal_real,5d38734a
post-0097-13,13,0,post_flip,supplier_name,2,2,1,1,1,0,"s4_contradiction,s4_contradiction,s4_contradiction,s4_contradiction,s4_contradiction,s4_contradiction,s4_contradiction,s4_contradiction,s4_contradiction,s4_contradiction",We source components from Acme Industries.,efe_shadow,304e2924,arousal_shadow,304e2924
post-0098-13,13,0,post_flip,price_usd,2,1,1,1,1,0,"s4_contradiction,s4_contradiction,s4_contradiction,s4_contradiction,s4_contradiction,s4_contradiction,s4_contradiction,s4_contradiction,s4_contradiction,s4_contradiction",Annual subscription is $499.,efe_real,5d38734a,arousal_real,5d38734a
post-0099-13,13,0,post_flip,hq_city,2,2,1,1,1,0,"s4_contradiction,s4_contradiction,s4_contradiction,s4_contradiction,s4_contradiction,s4_contradiction,s4_contradiction,s4_contradiction,s4_contradiction,s4_contradiction","Headquarters in Austin, Texas.",efe_real,73484533,arousal_real,73484533
post-0100-13,13,0,post_flip,conference_city,2,2,1,1,1,0,"s4_contradiction,s4_contradiction,s4_contradiction,s4_contradiction,s4_contradiction,s4_contradiction,s4_contradiction,s4_contradiction,s4_contradiction,s4_contradiction",Annual conference will be in Berlin.,efe_real,43730606,arousal_real,43730606
post-0101-13,13,0,post_flip,launch_date,2,2,1,1,1,0,"s4_contradiction,s4_contradiction,s4_contradiction,s4_contradiction,s4_contradiction,s4_contradiction,s4_contradiction,s4_contradiction,s4_contradiction,s4_contradiction",The product launches on 2026-06-01.,efe_real,cf50ae39,arousal_real,cf50ae39
post-0102-13,13,0,post_flip,ceo_name,1,1,1,1,1,0,"s4_contradiction,s4_contradiction,s4_contradiction,s4_contradiction,s4_contradiction,s4_contradiction,s4_contradiction,s4_contradiction,s4_contradiction,s4_contradiction",Update: the actual CEO is Marcus Chen.,efe_real,75575679,arousal_real,75575679
post-0103-13,13,0,post_flip,hq_city,2,2,1,1,1,0,"s4_contradiction,s4_contradiction,s4_contradiction,s4_contradiction,s4_contradiction,s4_contradiction,s4_contradiction,s4_contradiction,s4_contradiction,s4_contradiction","Headquarters in Austin, Texas.",efe_real,73484533,arousal_real,73484533
post-0104-13,13,0,post_flip,ceo_name,1,1,1,1,1,0,"s4_contradiction,s4_contradiction,s4_contradiction,s4_contradiction,s4_contradiction,s4_contradiction,s4_contradiction,s4_contradiction,s4_contradiction,s4_contradiction",Update: the actual CEO is Marcus Chen.,efe_real,75575679,arousal_real,75575679
post-0105-13,13,0,post_flip,dependency_lib,2,2,1,1,1,0,"s4_contradiction,s4_contradiction,s4_contradiction,s4_contradiction,s4_contradiction,s4_contradiction,s4_contradiction,s4_contradiction,s4_contradiction,s4_contradiction",We use OpenSSL for crypto.,efe_real,3d3d7ff7,arousal_real,3d3d7ff7
post-0106-13,13,0,post_flip,ceo_name,1,1,1,1,1,0,"s4_contradiction,s4_contradiction,s4_contradiction,s4_contradiction,s4_contradiction,s4_contradiction,s4_contradiction,s4_contradiction,s4_contradiction,s4_contradiction",Update: the actual CEO is Marcus Chen.,efe_real,75575679,arousal_real,75575679
post-0107-13,13,0,post_flip,conference_city,2,2,1,1,1,0,"s4_contradiction,s4_contradiction,s4_contradiction,s4_contradiction,s4_contradiction,s4_contradiction,s4_contradiction,s4_contradiction,s4_contradiction,s4_contradiction",Annual conference will be in Berlin.,efe_real,43730606,arousal_real,43730606
post-0108-13,13,0,post_flip,dependency_lib,2,2,1,1,1,0,"s4_contradiction,s4_contradiction,s4_contradiction,s4_contradiction,s4_contradiction,s4_contradiction,s4_contradiction,s4_contradiction,s4_contradiction,s4_contradiction",We use OpenSSL for crypto.,efe_real,3d3d7ff7,arousal_real,3d3d7ff7
post-0109-13,13,0,post_flip,bug_fix_eta,2,2,1,1,1,0,"s4_contradiction,s4_contradiction,s4_contradiction,s4_contradiction,s4_contradiction,s4_contradiction,s4_contradiction,s4_contradiction,s4_contradiction,s4_contradiction",The fix ships in week 14.,efe_shadow,30693469,arousal_shadow,30693469
post-0110-13,13,0,post_flip,launch_date,2,2,1,1,1,0,"s4_contradiction,s4_contradiction,s4_contradiction,s4_contradiction,s4_contradiction,s4_contradiction,s4_contradiction,s4_contradiction,s4_contradiction,s4_contradiction",The product launches on 2026-06-01.,efe_real,cf50ae39,arousal_real,cf50ae39
post-0111-13,13,0,post_flip,dependency_lib,2,2,1,1,1,0,"s4_contradiction,s4_contradiction,s4_contradiction,s4_contradiction,s4_contradiction,s4_contradiction,s4_contradiction,s4_contradiction,s4_contradiction,s4_contradiction",We use OpenSSL for crypto.,efe_real,3d3d7ff7,arousal_real,3d3d7ff7
post-0112-13,13,0,post_flip,hq_city,2,2,1,1,1,0,"s4_contradiction,s4_contradiction,s4_contradiction,s4_contradiction,s4_contradiction,s4_contradiction,s4_contradiction,s4_contradiction,s4_contradiction,s4_contradiction","Headquarters in Austin, Texas.",efe_real,73484533,arousal_real,73484533
post-0113-13,13,0,post_flip,api_version,1,1,1,1,1,0,"s4_contradiction,s4_contradiction,s4_contradiction,s4_contradiction,s4_contradiction,s4_contradiction,s4_contradiction,s4_contradiction,s4_contradiction,s4_contradiction",API rolled forward to version 3.0.,efe_real,3d6dc512,arousal_real,3d6dc512
post-0114-13,13,0,post_flip,budget_ceiling,2,2,1,1,1,0,"s4_contradiction,s4_contradiction,s4_contradiction,s4_contradiction,s4_contradiction,s4_contradiction,s4_contradiction,s4_contradiction,s4_contradiction,s4_contradiction",Q3 budget ceiling is $50k.,efe_shadow,9271141b,arousal_shadow,9271141b
post-0115-13,13,0,post_flip,hq_city,2,2,1,1,1,0,"s4_contradiction,s4_contradiction,s4_contradiction,s4_contradiction,s4_contradiction,s4_contradiction,s4_contradiction,s4_contradiction,s4_contradiction,s4_contradiction","Headquarters in Austin, Texas.",efe_real,73484533,arousal_real,73484533
post-0116-13,13,0,post_flip,bug_fix_eta,2,2,1,1,1,0,"s4_contradiction,s4_contradiction,s4_contradiction,s4_contradiction,s4_contradiction,s4_contradiction,s4_contradiction,s4_contradiction,s4_contradiction,s4_contradiction",The fix ships in week 14.,efe_shadow,30693469,arousal_shadow,30693469
post-0117-13,13,0,post_flip,api_version,1,1,1,1,1,0,"s4_contradiction,s4_contradiction,s4_contradiction,s4_contradiction,s4_contradiction,s4_contradiction,s4_contradiction,s4_contradiction,s4_contradiction,s4_contradiction",API rolled forward to version 3.0.,efe_real,3d6dc512,arousal_real,3d6dc512
post-0118-13,13,0,post_flip,launch_date,2,2,1,1,1,0,"s4_contradiction,s4_contradiction,s4_contradiction,s4_contradiction,s4_contradiction,s4_contradiction,s4_contradiction,s4_contradiction,s4_contradiction,s4_contradiction",The product launches on 2026-06-01.,efe_real,cf50ae39,arousal_real,cf50ae39
post-0119-13,13,0,post_flip,dependency_lib,2,2,1,1,1,0,"s4_contradiction,s4_contradiction,s4_contradiction,s4_contradiction,s4_contradiction,s4_contradiction,s4_contradiction,s4_contradiction,s4_contradiction,s4_contradiction",We use OpenSSL for crypto.,efe_real,3d3d7ff7,arousal_real,3d3d7ff7
post-0120-13,13,0,post_flip,hq_city,2,2,1,1,1,0,"s4_contradiction,s4_contradiction,s4_contradiction,s4_contradiction,s4_contradiction,s4_contradiction,s4_contradiction,s4_contradiction,s4_contradiction,s4_contradiction","Headquarters in Austin, Texas.",efe_real,73484533,arousal_real,73484533
post-0121-13,13,0,post_flip,price_usd,2,1,1,1,1,0,"s4_contradiction,s4_contradiction,s4_contradiction,s4_contradiction,s4_contradiction,s4_contradiction,s4_contradiction,s4_contradiction,s4_contradiction,s4_contradiction",Annual subscription is $499.,efe_real,5d38734a,arousal_real,5d38734a
post-0122-13,13,0,post_flip,hq_city,2,2,1,1,1,0,"s4_contradiction,s4_contradiction,s4_contradiction,s4_contradiction,s4_contradiction,s4_contradiction,s4_contradiction,s4_contradiction,s4_contradiction,s4_contradiction","Headquarters in Austin, Texas.",efe_real,73484533,arousal_real,73484533
post-0123-13,13,0,post_flip,supplier_name,2,2,1,1,1,0,"s4_contradiction,s4_contradiction,s4_contradiction,s4_contradiction,s4_contradiction,s4_contradiction,s4_contradiction,s4_contradiction,s4_contradiction,s4_contradiction",We source components from Acme Industries.,efe_shadow,304e2924,arousal_shadow,304e2924
post-0124-13,13,0,post_flip,conference_city,2,2,1,1,1,0,"s4_contradiction,s4_contradiction,s4_contradiction,s4_contradiction,s4_contradiction,s4_contradiction,s4_contradiction,s4_contradiction,s4_contradiction,s4_contradiction",Annual conference will be in Berlin.,efe_real,43730606,arousal_real,43730606
post-0125-13,13,0,post_flip,hq_city,2,2,1,1,1,0,"s4_contradiction,s4_contradiction,s4_contradiction,s4_contradiction,s4_contradiction,s4_contradiction,s4_contradiction,s4_contradiction,s4_contradiction,s4_contradiction","Headquarters in Austin, Texas.",efe_real,73484533,arousal_real,73484533
post-0126-13,13,0,post_flip,conference_city,2,2,1,1,1,0,"s4_contradiction,s4_contradiction,s4_contradiction,s4_contradiction,s4_contradiction,s4_contradiction,s4_contradiction,s4_contradiction,s4_contradiction,s4_contradiction",Annual conference will be in Berlin.,efe_real,43730606,arousal_real,43730606
post-0127-13,13,0,post_flip,budget_ceiling,2,2,1,1,1,0,"s4_contradiction,s4_contradiction,s4_contradiction,s4_contradiction,s4_contradiction,s4_contradiction,s4_contradiction,s4_contradiction,s4_contradiction,s4_contradiction",Q3 budget ceiling is $50k.,efe_shadow,9271141b,arousal_shadow,9271141b
post-0128-13,13,0,post_flip,launch_date,2,2,1,1,1,0,"s4_contradiction,s4_contradiction,s4_contradiction,s4_contradiction,s4_contradiction,s4_contradiction,s4_contradiction,s4_contradiction,s4_contradiction,s4_contradiction",The product launches on 2026-06-01.,efe_real,cf50ae39,arousal_real,cf50ae39
post-0129-13,13,0,post_flip,price_usd,2,1,1,1,1,0,"s4_contradiction,s4_contradiction,s4_contradiction,s4_contradiction,s4_contradiction,s4_contradiction,s4_contradiction,s4_contradiction,s4_contradiction,s4_contradiction",Annual subscription is $499.,efe_real,5d38734a,arousal_real,5d38734a
post-0130-13,13,0,post_flip,launch_date,2,2,1,1,1,0,"s4_contradiction,s4_contradiction,s4_contradiction,s4_contradiction,s4_contradiction,s4_contradiction,s4_contradiction,s4_contradiction,s4_contradiction,s4_contradiction",The product launches on 2026-06-01.,efe_real,cf50ae39,arousal_real,cf50ae39
post-0131-13,13,0,post_flip,bug_fix_eta,2,2,1,1,1,0,"s4_contradiction,s4_contradiction,s4_contradiction,s4_contradiction,s4_contradiction,s4_contradiction,s4_contradiction,s4_contradiction,s4_contradiction,s4_contradiction",The fix ships in week 14.,efe_shadow,30693469,arousal_shadow,30693469
post-0132-13,13,0,post_flip,conference_city,2,2,1,1,1,0,"s4_contradiction,s4_contradiction,s4_contradiction,s4_contradiction,s4_contradiction,s4_contradiction,s4_contradiction,s4_contradiction,s4_contradiction,s4_contradiction",Annual conference will be in Berlin.,efe_real,43730606,arousal_real,43730606
post-0133-13,13,0,post_flip,launch_date,2,2,1,1,1,0,"s4_contradiction,s4_contradiction,s4_contradiction,s4_contradiction,s4_contradiction,s4_contradiction,s4_contradiction,s4_contradiction,s4_contradiction,s4_contradiction",The product launches on 2026-06-01.,efe_real,cf50ae39,arousal_real,cf50ae39
post-0134-13,13,0,post_flip,price_usd,2,1,1,1,1,0,"s4_contradiction,s4_contradiction,s4_contradiction,s4_contradiction,s4_contradiction,s4_contradiction,s4_contradiction,s4_contradiction,s4_contradiction,s4_contradiction",Annual subscription is $499.,efe_real,5d38734a,arousal_real,5d38734a
post-0135-13,13,0,post_flip,conference_city,2,2,1,1,1,0,"s4_contradiction,s4_contradiction,s4_contradiction,s4_contradiction,s4_contradiction,s4_contradiction,s4_contradiction,s4_contradiction,s4_contradiction,s4_contradiction",Annual conference will be in Berlin.,efe_real,43730606,arousal_real,43730606
post-0136-13,13,0,post_flip,supplier_name,2,2,1,1,1,0,"s4_contradiction,s4_contradiction,s4_contradiction,s4_contradiction,s4_contradiction,s4_contradiction,s4_contradiction,s4_contradiction,s4_contradiction,s4_contradiction",We source components from Acme Industries.,efe_shadow,304e2924,arousal_shadow,304e2924
post-0137-13,13,0,post_flip,api_version,1,1,1,1,1,0,"s4_contradiction,s4_contradiction,s4_contradiction,s4_contradiction,s4_contradiction,s4_contradiction,s4_contradiction,s4_contradiction,s4_contradiction,s4_contradiction",API rolled forward to version 3.0.,efe_real,3d6dc512,arousal_real,3d6dc512
post-0138-13,13,0,post_flip,supplier_name,2,2,1,1,1,0,"s4_contradiction,s4_contradiction,s4_contradiction,s4_contradiction,s4_contradiction,s4_contradiction,s4_contradiction,s4_contradiction,s4_contradiction,s4_contradiction",We source components from Acme Industries.,efe_shadow,304e2924,arousal_shadow,304e2924
post-0139-13,13,0,post_flip,price_usd,2,1,1,1,1,0,"s4_contradiction,s4_contradiction,s4_contradiction,s4_contradiction,s4_contradiction,s4_contradiction,s4_contradiction,s4_contradiction,s4_contradiction,s4_contradiction",Annual subscription is $499.,efe_real,5d38734a,arousal_real,5d38734a
post-0140-13,13,0,post_flip,launch_date,2,2,1,1,1,0,"s4_contradiction,s4_contradiction,s4_contradiction,s4_contradiction,s4_contradiction,s4_contradiction,s4_contradiction,s4_contradiction,s4_contradiction,s4_contradiction",The product launches on 2026-06-01.,efe_real,cf50ae39,arousal_real,cf50ae39
post-0141-13,13,0,post_flip,dependency_lib,2,2,1,1,1,0,"s4_contradiction,s4_contradiction,s4_contradiction,s4_contradiction,s4_contradiction,s4_contradiction,s4_contradiction,s4_contradiction,s4_contradiction,s4_contradiction",We use OpenSSL for crypto.,efe_real,3d3d7ff7,arousal_real,3d3d7ff7
post-0142-13,13,0,post_flip,launch_date,2,2,1,1,1,0,"s4_contradiction,s4_contradiction,s4_contradiction,s4_contradiction,s4_contradiction,s4_contradiction,s4_contradiction,s4_contradiction,s4_contradiction,s4_contradiction",The product launches on 2026-06-01.,efe_real,cf50ae39,arousal_real,cf50ae39
post-0143-13,13,0,post_flip,ceo_name,1,1,1,1,1,0,"s4_contradiction,s4_contradiction,s4_contradiction,s4_contradiction,s4_contradiction,s4_contradiction,s4_contradiction,s4_contradiction,s4_contradiction,s4_contradiction",Update: the actual CEO is Marcus Chen.,efe_real,75575679,arousal_real,75575679
post-0144-13,13,0,post_flip,dependency_lib,2,2,1,1,1,0,"s4_contradiction,s4_contradiction,s4_contradiction,s4_contradiction,s4_contradiction,s4_contradiction,s4_contradiction,s4_contradiction,s4_contradiction,s4_contradiction",We use OpenSSL for crypto.,efe_real,3d3d7ff7,arousal_real,3d3d7ff7
post-0145-13,13,0,post_flip,hq_city,2,2,1,1,1,0,"s4_contradiction,s4_contradiction,s4_contradiction,s4_contradiction,s4_contradiction,s4_contradiction,s4_contradiction,s4_contradiction,s4_contradiction,s4_contradiction","Headquarters in Austin, Texas.",efe_real,73484533,arousal_real,73484533
post-0146-13,13,0,post_flip,ceo_name,1,1,1,1,1,0,"s4_contradiction,s4_contradiction,s4_contradiction,s4_contradiction,s4_contradiction,s4_contradiction,s4_contradiction,s4_contradiction,s4_contradiction,s4_contradiction",Update: the actual CEO is Marcus Chen.,efe_real,75575679,arousal_real,75575679
post-0147-13,13,0,post_flip,launch_date,2,2,1,1,1,0,"s4_contradiction,s4_contradiction,s4_contradiction,s4_contradiction,s4_contradiction,s4_contradiction,s4_contradiction,s4_contradiction,s4_contradiction,s4_contradiction",The product launches on 2026-06-01.,efe_real,cf50ae39,arousal_real,cf50ae39
post-0148-13,13,0,post_flip,supplier_name,2,2,1,1,1,0,"s4_contradiction,s4_contradiction,s4_contradiction,s4_contradiction,s4_contradiction,s4_contradiction,s4_contradiction,s4_contradiction,s4_contradiction,s4_contradiction",We source components from Acme Industries.,efe_shadow,304e2924,arousal_shadow,304e2924
post-0149-13,13,0,post_flip,supplier_name,2,2,1,1,1,0,"s4_contradiction,s4_contradiction,s4_contradiction,s4_contradiction,s4_contradiction,s4_contradiction,s4_contradiction,s4_contradiction,s4_contradiction,s4_contradiction",We source components from Acme Industries.,efe_shadow,304e2924,arousal_shadow,304e2924
post-0150-13,13,0,post_flip,price_usd,2,1,1,1,1,0,"s4_contradiction,s4_contradiction,s4_contradiction,s4_contradiction,s4_contradiction,s4_contradiction,s4_contradiction,s4_contradiction,s4_contradiction,s4_contradiction",Annual subscription is $499.,efe_real,5d38734a,arousal_real,5d38734a
post-0151-13,13,0,post_flip,dependency_lib,2,2,1,1,1,0,"s4_contradiction,s4_contradiction,s4_contradiction,s4_contradiction,s4_contradiction,s4_contradiction,s4_contradiction,s4_contradiction,s4_contradiction,s4_contradiction",We use OpenSSL for crypto.,efe_real,3d3d7ff7,arousal_real,3d3d7ff7
post-0152-13,13,0,post_flip,api_version,1,1,1,1,1,0,"s4_contradiction,s4_contradiction,s4_contradiction,s4_contradiction,s4_contradiction,s4_contradiction,s4_contradiction,s4_contradiction,s4_contradiction,s4_contradiction",API rolled forward to version 3.0.,efe_real,3d6dc512,arousal_real,3d6dc512
post-0153-13,13,0,post_flip,conference_city,2,2,1,1,1,0,"s4_contradiction,s4_contradiction,s4_contradiction,s4_contradiction,s4_contradiction,s4_contradiction,s4_contradiction,s4_contradiction,s4_contradiction,s4_contradiction",Annual conference will be in Berlin.,efe_real,43730606,arousal_real,43730606
post-0154-13,13,0,post_flip,hq_city,2,2,1,1,1,0,"s4_contradiction,s4_contradiction,s4_contradiction,s4_contradiction,s4_contradiction,s4_contradiction,s4_contradiction,s4_contradiction,s4_contradiction,s4_contradiction","Headquarters in Austin, Texas.",efe_real,73484533,arousal_real,73484533
post-0155-13,13,0,post_flip,budget_ceiling,2,2,1,1,1,0,"s4_contradiction,s4_contradiction,s4_contradiction,s4_contradiction,s4_contradiction,s4_contradiction,s4_contradiction,s4_contradiction,s4_contradiction,s4_contradiction",Q3 budget ceiling is $50k.,efe_shadow,9271141b,arousal_shadow,9271141b
post-0156-13,13,0,post_flip,supplier_name,2,2,1,1,1,0,"s4_contradiction,s4_contradiction,s4_contradiction,s4_contradiction,s4_contradiction,s4_contradiction,s4_contradiction,s4_contradiction,s4_contradiction,s4_contradiction",We source components from Acme Industries.,efe_shadow,304e2924,arousal_shadow,304e2924
post-0157-13,13,0,post_flip,budget_ceiling,2,2,1,1,1,0,"s4_contradiction,s4_contradiction,s4_contradiction,s4_contradiction,s4_contradiction,s4_contradiction,s4_contradiction,s4_contradiction,s4_contradiction,s4_contradiction",Q3 budget ceiling is $50k.,efe_shadow,9271141b,arousal_shadow,9271141b
post-0158-13,13,0,post_flip,price_usd,2,1,1,1,1,0,"s4_contradiction,s4_contradiction,s4_contradiction,s4_contradiction,s4_contradiction,s4_contradiction,s4_contradiction,s4_contradiction,s4_contradiction,s4_contradiction",Annual subscription is $499.,efe_real,5d38734a,arousal_real,5d38734a
post-0159-13,13,0,post_flip,bug_fix_eta,2,2,1,1,1,0,"s4_contradiction,s4_contradiction,s4_contradiction,s4_contradiction,s4_contradiction,s4_contradiction,s4_contradiction,s4_contradiction,s4_contradiction,s4_contradiction",The fix ships in week 14.,efe_shadow,30693469,arousal_shadow,30693469
post-0160-13,13,0,post_flip,hq_city,2,2,1,1,1,0,"s4_contradiction,s4_contradiction,s4_contradiction,s4_contradiction,s4_contradiction,s4_contradiction,s4_contradiction,s4_contradiction,s4_contradiction,s4_contradiction","Headquarters in Austin, Texas.",efe_real,73484533,arousal_real,73484533
post-0161-13,13,0,post_flip,hq_city,2,2,1,1,1,0,"s4_contradiction,s4_contradiction,s4_contradiction,s4_contradiction,s4_contradiction,s4_contradiction,s4_contradiction,s4_contradiction,s4_contradiction,s4_contradiction","Headquarters in Austin, Texas.",efe_real,73484533,arousal_real,73484533
post-0162-13,13,0,post_flip,dependency_lib,2,2,1,1,1,0,"s4_contradiction,s4_contradiction,s4_contradiction,s4_contradiction,s4_contradiction,s4_contradiction,s4_contradiction,s4_contradiction,s4_contradiction,s4_contradiction",We use OpenSSL for crypto.,efe_real,3d3d7ff7,arousal_real,3d3d7ff7
post-0163-13,13,0,post_flip,hq_city,2,2,1,1,1,0,"s4_contradiction,s4_contradiction,s4_contradiction,s4_contradiction,s4_contradiction,s4_contradiction,s4_contradiction,s4_contradiction,s4_contradiction,s4_contradiction","Headquarters in Austin, Texas.",efe_real,73484533,arousal_real,73484533
post-0164-13,13,0,post_flip,dependency_lib,2,2,1,1,1,0,"s4_contradiction,s4_contradiction,s4_contradiction,s4_contradiction,s4_contradiction,s4_contradiction,s4_contradiction,s4_contradiction,s4_contradiction,s4_contradiction",We use OpenSSL for crypto.,efe_real,3d3d7ff7,arousal_real,3d3d7ff7
post-0165-13,13,0,post_flip,price_usd,2,1,1,1,1,0,"s4_contradiction,s4_contradiction,s4_contradiction,s4_contradiction,s4_contradiction,s4_contradiction,s4_contradiction,s4_contradiction,s4_contradiction,s4_contradiction",Annual subscription is $499.,efe_real,5d38734a,arousal_real,5d38734a
post-0166-13,13,0,post_flip,ceo_name,1,1,1,1,1,0,"s4_contradiction,s4_contradiction,s4_contradiction,s4_contradiction,s4_contradiction,s4_contradiction,s4_contradiction,s4_contradiction,s4_contradiction,s4_contradiction",Update: the actual CEO is Marcus Chen.,efe_real,75575679,arousal_real,75575679
post-0167-13,13,0,post_flip,api_version,1,1,1,1,1,0,"s4_contradiction,s4_contradiction,s4_contradiction,s4_contradiction,s4_contradiction,s4_contradiction,s4_contradiction,s4_contradiction,s4_contradiction,s4_contradiction",API rolled forward to version 3.0.,efe_real,3d6dc512,arousal_real,3d6dc512
post-0168-13,13,0,post_flip,launch_date,2,2,1,1,1,0,"s4_contradiction,s4_contradiction,s4_contradiction,s4_contradiction,s4_contradiction,s4_contradiction,s4_contradiction,s4_contradiction,s4_contradiction,s4_contradiction",The product launches on 2026-06-01.,efe_real,cf50ae39,arousal_real,cf50ae39
post-0169-13,13,0,post_flip,launch_date,2,2,1,1,1,0,"s4_contradiction,s4_contradiction,s4_contradiction,s4_contradiction,s4_contradiction,s4_contradiction,s4_contradiction,s4_contradiction,s4_contradiction,s4_contradiction",The product launches on 2026-06-01.,efe_real,cf50ae39,arousal_real,cf50ae39
post-0170-13,13,0,post_flip,supplier_name,2,2,1,1,1,0,"s4_contradiction,s4_contradiction,s4_contradiction,s4_contradiction,s4_contradiction,s4_contradiction,s4_contradiction,s4_contradiction,s4_contradiction,s4_contradiction",We source components from Acme Industries.,efe_shadow,304e2924,arousal_shadow,304e2924
post-0171-13,13,0,post_flip,supplier_name,2,2,1,1,1,0,"s4_contradiction,s4_contradiction,s4_contradiction,s4_contradiction,s4_contradiction,s4_contradiction,s4_contradiction,s4_contradiction,s4_contradiction,s4_contradiction",We source components from Acme Industries.,efe_shadow,304e2924,arousal_shadow,304e2924
post-0172-13,13,0,post_flip,dependency_lib,2,2,1,1,1,0,"s4_contradiction,s4_contradiction,s4_contradiction,s4_contradiction,s4_contradiction,s4_contradiction,s4_contradiction,s4_contradiction,s4_contradiction,s4_contradiction",We use OpenSSL for crypto.,efe_real,3d3d7ff7,arousal_real,3d3d7ff7
post-0173-13,13,0,post_flip,api_version,1,1,1,1,1,0,"s4_contradiction,s4_contradiction,s4_contradiction,s4_contradiction,s4_contradiction,s4_contradiction,s4_contradiction,s4_contradiction,s4_contradiction,s4_contradiction",API rolled forward to version 3.0.,efe_real,3d6dc512,arousal_real,3d6dc512
post-0174-13,13,0,post_flip,bug_fix_eta,2,2,1,1,1,0,"s4_contradiction,s4_contradiction,s4_contradiction,s4_contradiction,s4_contradiction,s4_contradiction,s4_contradiction,s4_contradiction,s4_contradiction,s4_contradiction",The fix ships in week 14.,efe_shadow,30693469,arousal_shadow,30693469
post-0175-13,13,0,post_flip,api_version,1,1,1,1,1,0,"s4_contradiction,s4_contradiction,s4_contradiction,s4_contradiction,s4_contradiction,s4_contradiction,s4_contradiction,s4_contradiction,s4_contradiction,s4_contradiction",API rolled forward to version 3.0.,efe_real,3d6dc512,arousal_real,3d6dc512
post-0176-13,13,0,post_flip,bug_fix_eta,2,2,1,1,1,0,"s4_contradiction,s4_contradiction,s4_contradiction,s4_contradiction,s4_contradiction,s4_contradiction,s4_contradiction,s4_contradiction,s4_contradiction,s4_contradiction",The fix ships in week 14.,efe_shadow,30693469,arousal_shadow,30693469
post-0177-13,13,0,post_flip,ceo_name,1,1,1,1,1,0,"s4_contradiction,s4_contradiction,s4_contradiction,s4_contradiction,s4_contradiction,s4_contradiction,s4_contradiction,s4_contradiction,s4_contradiction,s4_contradiction",Update: the actual CEO is Marcus Chen.,efe_real,75575679,arousal_real,75575679
post-0178-13,13,0,post_flip,launch_date,2,2,1,1,1,0,"s4_contradiction,s4_contradiction,s4_contradiction,s4_contradiction,s4_contradiction,s4_contradiction,s4_contradiction,s4_contradiction,s4_contradiction,s4_contradiction",The product launches on 2026-06-01.,efe_real,cf50ae39,arousal_real,cf50ae39
post-0179-13,13,0,post_flip,ceo_name,1,1,1,1,1,0,"s4_contradiction,s4_contradiction,s4_contradiction,s4_contradiction,s4_contradiction,s4_contradiction,s4_contradiction,s4_contradiction,s4_contradiction,s4_contradiction",Update: the actual CEO is Marcus Chen.,efe_real,75575679,arousal_real,75575679
post-0180-13,13,0,post_flip,api_version,1,1,1,1,1,0,"s4_contradiction,s4_contradiction,s4_contradiction,s4_contradiction,s4_contradiction,s4_contradiction,s4_contradiction,s4_contradiction,s4_contradiction,s4_contradiction",API rolled forward to version 3.0.,efe_real,3d6dc512,arousal_real,3d6dc512
post-0181-13,13,0,post_flip,bug_fix_eta,2,2,1,1,1,0,"s4_contradiction,s4_contradiction,s4_contradiction,s4_contradiction,s4_contradiction,s4_contradiction,s4_contradiction,s4_contradiction,s4_contradiction,s4_contradiction",The fix ships in week 14.,efe_shadow,30693469,arousal_shadow,30693469
post-0182-13,13,0,post_flip,supplier_name,2,2,1,1,1,0,"s4_contradiction,s4_contradiction,s4_contradiction,s4_contradiction,s4_contradiction,s4_contradiction,s4_contradiction,s4_contradiction,s4_contradiction,s4_contradiction",We source components from Acme Industries.,efe_shadow,304e2924,arousal_shadow,304e2924
post-0183-13,13,0,post_flip,dependency_lib,2,2,1,1,1,0,"s4_contradiction,s4_contradiction,s4_contradiction,s4_contradiction,s4_contradiction,s4_contradiction,s4_contradiction,s4_contradiction,s4_contradiction,s4_contradiction",We use OpenSSL for crypto.,efe_real,3d3d7ff7,arousal_real,3d3d7ff7
post-0184-13,13,0,post_flip,ceo_name,1,1,1,1,1,0,"s4_contradiction,s4_contradiction,s4_contradiction,s4_contradiction,s4_contradiction,s4_contradiction,s4_contradiction,s4_contradiction,s4_contradiction,s4_contradiction",Update: the actual CEO is Marcus Chen.,efe_real,75575679,arousal_real,75575679
post-0185-13,13,0,post_flip,launch_date,2,2,1,1,1,0,"s4_contradiction,s4_contradiction,s4_contradiction,s4_contradiction,s4_contradiction,s4_contradiction,s4_contradiction,s4_contradiction,s4_contradiction,s4_contradiction",The product launches on 2026-06-01.,efe_real,cf50ae39,arousal_real,cf50ae39
post-0186-13,13,0,post_flip,budget_ceiling,2,2,1,1,1,0,"s4_contradiction,s4_contradiction,s4_contradiction,s4_contradiction,s4_contradiction,s4_contradiction,s4_contradiction,s4_contradiction,s4_contradiction,s4_contradiction",Q3 budget ceiling is $50k.,efe_shadow,9271141b,arousal_shadow,9271141b
post-0187-13,13,0,post_flip,conference_city,2,2,1,1,1,0,"s4_contradiction,s4_contradiction,s4_contradiction,s4_contradiction,s4_contradiction,s4_contradiction,s4_contradiction,s4_contradiction,s4_contradiction,s4_contradiction",Annual conference will be in Berlin.,efe_real,43730606,arousal_real,43730606
post-0188-13,13,0,post_flip,conference_city,2,2,1,1,1,0,"s4_contradiction,s4_contradiction,s4_contradiction,s4_contradiction,s4_contradiction,s4_contradiction,s4_contradiction,s4_contradiction,s4_contradiction,s4_contradiction",Annual conference will be in Berlin.,efe_real,43730606,arousal_real,43730606
post-0189-13,13,0,post_flip,bug_fix_eta,2,2,1,1,1,0,"s4_contradiction,s4_contradiction,s4_contradiction,s4_contradiction,s4_contradiction,s4_contradiction,s4_contradiction,s4_contradiction,s4_contradiction,s4_contradiction",The fix ships in week 14.,efe_shadow,30693469,arousal_shadow,30693469
post-0190-13,13,0,post_flip,bug_fix_eta,2,2,1,1,1,0,"s4_contradiction,s4_contradiction,s4_contradiction,s4_contradiction,s4_contradiction,s4_contradiction,s4_contradiction,s4_contradiction,s4_contradiction,s4_contradiction",The fix ships in week 14.,efe_shadow,30693469,arousal_shadow,30693469
post-0191-13,13,0,post_flip,api_version,1,1,1,1,1,0,"s4_contradiction,s4_contradiction,s4_contradiction,s4_contradiction,s4_contradiction,s4_contradiction,s4_contradiction,s4_contradiction,s4_contradiction,s4_contradiction",API rolled forward to version 3.0.,efe_real,3d6dc512,arousal_real,3d6dc512
post-0192-13,13,0,post_flip,conference_city,2,2,1,1,1,0,"s4_contradiction,s4_contradiction,s4_contradiction,s4_contradiction,s4_contradiction,s4_contradiction,s4_contradiction,s4_contradiction,s4_contradiction,s4_contradiction",Annual conference will be in Berlin.,efe_real,43730606,arousal_real,43730606
post-0193-13,13,0,post_flip,hq_city,2,2,1,1,1,0,"s4_contradiction,s4_contradiction,s4_contradiction,s4_contradiction,s4_contradiction,s4_contradiction,s4_contradiction,s4_contradiction,s4_contradiction,s4_contradiction","Headquarters in Austin, Texas.",efe_real,73484533,arousal_real,73484533
post-0194-13,13,0,post_flip,conference_city,2,2,1,1,1,0,"s4_contradiction,s4_contradiction,s4_contradiction,s4_contradiction,s4_contradiction,s4_contradiction,s4_contradiction,s4_contradiction,s4_contradiction,s4_contradiction",Annual conference will be in Berlin.,efe_real,43730606,arousal_real,43730606
post-0195-13,13,0,post_flip,api_version,1,1,1,1,1,0,"s4_contradiction,s4_contradiction,s4_contradiction,s4_contradiction,s4_contradiction,s4_contradiction,s4_contradiction,s4_contradiction,s4_contradiction,s4_contradiction",API rolled forward to version 3.0.,efe_real,3d6dc512,arousal_real,3d6dc512
post-0196-13,13,0,post_flip,ceo_name,1,1,1,1,1,0,"s4_contradiction,s4_contradiction,s4_contradiction,s4_contradiction,s4_contradiction,s4_contradiction,s4_contradiction,s4_contradiction,s4_contradiction,s4_contradiction",Update: the actual CEO is Marcus Chen.,efe_real,75575679,arousal_real,75575679
post-0197-13,13,0,post_flip,api_version,1,1,1,1,1,0,"s4_contradiction,s4_contradiction,s4_contradiction,s4_contradiction,s4_contradiction,s4_contradiction,s4_contradiction,s4_contradiction,s4_contradiction,s4_contradiction",API rolled forward to version 3.0.,efe_real,3d6dc512,arousal_real,3d6dc512
post-0198-13,13,0,post_flip,conference_city,2,2,1,1,1,0,"s4_contradiction,s4_contradiction,s4_contradiction,s4_contradiction,s4_contradiction,s4_contradiction,s4_contradiction,s4_contradiction,s4_contradiction,s4_contradiction",Annual conference will be in Berlin.,efe_real,43730606,arousal_real,43730606
post-0199-13,13,0,post_flip,dependency_lib,2,2,1,1,1,0,"s4_contradiction,s4_contradiction,s4_contradiction,s4_contradiction,s4_contradiction,s4_contradiction,s4_contradiction,s4_contradiction,s4_contradiction,s4_contradiction",We use OpenSSL for crypto.,efe_real,3d3d7ff7,arousal_real,3d3d7ff7
post-0200-13,13,0,post_flip,hq_city,2,2,1,1,1,0,"s4_contradiction,s4_contradiction,s4_contradiction,s4_contradiction,s4_contradiction,s4_contradiction,s4_contradiction,s4_contradiction,s4_contradiction,s4_contradiction","Headquarters in Austin, Texas.",efe_real,73484533,arousal_real,73484533
post-0201-13,13,0,post_flip,conference_city,2,2,1,1,1,0,"s4_contradiction,s4_contradiction,s4_contradiction,s4_contradiction,s4_contradiction,s4_contradiction,s4_contradiction,s4_contradiction,s4_contradiction,s4_contradiction",Annual conference will be in Berlin.,efe_real,43730606,arousal_real,43730606
post-0202-13,13,0,post_flip,launch_date,2,2,1,1,1,0,"s4_contradiction,s4_contradiction,s4_contradiction,s4_contradiction,s4_contradiction,s4_contradiction,s4_contradiction,s4_contradiction,s4_contradiction,s4_contradiction",The product launches on 2026-06-01.,efe_real,cf50ae39,arousal_real,cf50ae39
post-0203-13,13,0,post_flip,conference_city,2,2,1,1,1,0,"s4_contradiction,s4_contradiction,s4_contradiction,s4_contradiction,s4_contradiction,s4_contradiction,s4_contradiction,s4_contradiction,s4_contradiction,s4_contradiction",Annual conference will be in Berlin.,efe_real,43730606,arousal_real,43730606
post-0204-13,13,0,post_flip,bug_fix_eta,2,2,1,1,1,0,"s4_contradiction,s4_contradiction,s4_contradiction,s4_contradiction,s4_contradiction,s4_contradiction,s4_contradiction,s4_contradiction,s4_contradiction,s4_contradiction",The fix ships in week 14.,efe_shadow,30693469,arousal_shadow,30693469
post-0205-13,13,0,post_flip,supplier_name,2,2,1,1,1,0,"s4_contradiction,s4_contradiction,s4_contradiction,s4_contradiction,s4_contradiction,s4_contradiction,s4_contradiction,s4_contradiction,s4_contradiction,s4_contradiction",We source components from Acme Industries.,efe_shadow,304e2924,arousal_shadow,304e2924
post-0206-13,13,0,post_flip,bug_fix_eta,2,2,1,1,1,0,"s4_contradiction,s4_contradiction,s4_contradiction,s4_contradiction,s4_contradiction,s4_contradiction,s4_contradiction,s4_contradiction,s4_contradiction,s4_contradiction",The fix ships in week 14.,efe_shadow,30693469,arousal_shadow,30693469
post-0207-13,13,0,post_flip,dependency_lib,2,2,1,1,1,0,"s4_contradiction,s4_contradiction,s4_contradiction,s4_contradiction,s4_contradiction,s4_contradiction,s4_contradiction,s4_contradiction,s4_contradiction,s4_contradiction",We use OpenSSL for crypto.,efe_real,3d3d7ff7,arousal_real,3d3d7ff7
post-0208-13,13,0,post_flip,conference_city,2,2,1,1,1,0,"s4_contradiction,s4_contradiction,s4_contradiction,s4_contradiction,s4_contradiction,s4_contradiction,s4_contradiction,s4_contradiction,s4_contradiction,s4_contradiction",Annual conference will be in Berlin.,efe_real,43730606,arousal_real,43730606
post-0209-13,13,0,post_flip,dependency_lib,2,2,1,1,1,0,"s4_contradiction,s4_contradiction,s4_contradiction,s4_contradiction,s4_contradiction,s4_contradiction,s4_contradiction,s4_contradiction,s4_contradiction,s4_contradiction",We use OpenSSL for crypto.,efe_real,3d3d7ff7,arousal_real,3d3d7ff7
post-0210-13,13,0,post_flip,price_usd,2,1,1,1,1,0,"s4_contradiction,s4_contradiction,s4_contradiction,s4_contradiction,s4_contradiction,s4_contradiction,s4_contradiction,s4_contradiction,s4_contradiction,s4_contradiction",Annual subscription is $499.,efe_real,5d38734a,arousal_real,5d38734a
post-0211-13,13,0,post_flip,budget_ceiling,2,2,1,1,1,0,"s4_contradiction,s4_contradiction,s4_contradiction,s4_contradiction,s4_contradiction,s4_contradiction,s4_contradiction,s4_contradiction,s4_contradiction,s4_contradiction",Q3 budget ceiling is $50k.,efe_shadow,9271141b,arousal_shadow,9271141b
post-0212-13,13,0,post_flip,price_usd,2,1,1,1,1,0,"s4_contradiction,s4_contradiction,s4_contradiction,s4_contradiction,s4_contradiction,s4_contradiction,s4_contradiction,s4_contradiction,s4_contradiction,s4_contradiction",Annual subscription is $499.,efe_real,5d38734a,arousal_real,5d38734a
post-0213-13,13,0,post_flip,bug_fix_eta,2,2,1,1,1,0,"s4_contradiction,s4_contradiction,s4_contradiction,s4_contradiction,s4_contradiction,s4_contradiction,s4_contradiction,s4_contradiction,s4_contradiction,s4_contradiction",The fix ships in week 14.,efe_shadow,30693469,arousal_shadow,30693469
post-0214-13,13,0,post_flip,supplier_name,2,2,1,1,1,0,"s4_contradiction,s4_contradiction,s4_contradiction,s4_contradiction,s4_contradiction,s4_contradiction,s4_contradiction,s4_contradiction,s4_contradiction,s4_contradiction",We source components from Acme Industries.,efe_shadow,304e2924,arousal_shadow,304e2924
post-0215-13,13,0,post_flip,budget_ceiling,2,2,1,1,1,0,"s4_contradiction,s4_contradiction,s4_contradiction,s4_contradiction,s4_contradiction,s4_contradiction,s4_contradiction,s4_contradiction,s4_contradiction,s4_contradiction",Q3 budget ceiling is $50k.,efe_shadow,9271141b,arousal_shadow,9271141b
post-0216-13,13,0,post_flip,budget_ceiling,2,2,1,1,1,0,"s4_contradiction,s4_contradiction,s4_contradiction,s4_contradiction,s4_contradiction,s4_contradiction,s4_contradiction,s4_contradiction,s4_contradiction,s4_contradiction",Q3 budget ceiling is $50k.,efe_shadow,9271141b,arousal_shadow,9271141b
post-0217-13,13,0,post_flip,launch_date,2,2,1,1,1,0,"s4_contradiction,s4_contradiction,s4_contradiction,s4_contradiction,s4_contradiction,s4_contradiction,s4_contradiction,s4_contradiction,s4_contradiction,s4_contradiction",The product launches on 2026-06-01.,efe_real,cf50ae39,arousal_real,cf50ae39
post-0218-13,13,0,post_flip,launch_date,2,2,1,1,1,0,"s4_contradiction,s4_contradiction,s4_contradiction,s4_contradiction,s4_contradiction,s4_contradiction,s4_contradiction,s4_contradiction,s4_contradiction,s4_contradiction",The product launches on 2026-06-01.,efe_real,cf50ae39,arousal_real,cf50ae39
post-0219-13,13,0,post_flip,bug_fix_eta,2,2,1,1,1,0,"s4_contradiction,s4_contradiction,s4_contradiction,s4_contradiction,s4_contradiction,s4_contradiction,s4_contradiction,s4_contradiction,s4_contradiction,s4_contradiction",The fix ships in week 14.,efe_shadow,30693469,arousal_shadow,30693469
post-0220-13,13,0,post_flip,budget_ceiling,2,2,1,1,1,0,"s4_contradiction,s4_contradiction,s4_contradiction,s4_contradiction,s4_contradiction,s4_contradiction,s4_contradiction,s4_contradiction,s4_contradiction,s4_contradiction",Q3 budget ceiling is $50k.,efe_shadow,9271141b,arousal_shadow,9271141b
post-0221-13,13,0,post_flip,api_version,1,1,1,1,1,0,"s4_contradiction,s4_contradiction,s4_contradiction,s4_contradiction,s4_contradiction,s4_contradiction,s4_contradiction,s4_contradiction,s4_contradiction,s4_contradiction",API rolled forward to version 3.0.,efe_real,3d6dc512,arousal_real,3d6dc512
post-0222-13,13,0,post_flip,supplier_name,2,2,1,1,1,0,"s4_contradiction,s4_contradiction,s4_contradiction,s4_contradiction,s4_contradiction,s4_contradiction,s4_contradiction,s4_contradiction,s4_contradiction,s4_contradiction",We source components from Acme Industries.,efe_shadow,304e2924,arousal_shadow,304e2924
post-0223-13,13,0,post_flip,budget_ceiling,2,2,1,1,1,0,"s4_contradiction,s4_contradiction,s4_contradiction,s4_contradiction,s4_contradiction,s4_contradiction,s4_contradiction,s4_contradiction,s4_contradiction,s4_contradiction",Q3 budget ceiling is $50k.,efe_shadow,9271141b,arousal_shadow,9271141b
post-0224-13,13,0,post_flip,bug_fix_eta,2,2,1,1,1,0,"s4_contradiction,s4_contradiction,s4_contradiction,s4_contradiction,s4_contradiction,s4_contradiction,s4_contradiction,s4_contradiction,s4_contradiction,s4_contradiction",The fix ships in week 14.,efe_shadow,30693469,arousal_shadow,30693469
post-0225-13,13,0,post_flip,budget_ceiling,2,2,1,1,1,0,"s4_contradiction,s4_contradiction,s4_contradiction,s4_contradiction,s4_contradiction,s4_contradiction,s4_contradiction,s4_contradiction,s4_contradiction,s4_contradiction",Q3 budget ceiling is $50k.,efe_shadow,9271141b,arousal_shadow,9271141b
post-0000-42,42,0,post_flip,price_usd,2,1,1,1,1,0,"s4_contradiction,s4_contradiction,s4_contradiction,s4_contradiction,s4_contradiction,s4_contradiction,s4_contradiction,s4_contradiction,s4_contradiction,s4_contradiction",Annual subscription is $499.,efe_real,5d38734a,arousal_real,5d38734a
post-0001-42,42,0,post_flip,dependency_lib,2,2,1,1,1,0,"s4_contradiction,s4_contradiction,s4_contradiction,s4_contradiction,s4_contradiction,s4_contradiction,s4_contradiction,s4_contradiction,s4_contradiction,s4_contradiction",We use OpenSSL for crypto.,efe_real,3d3d7ff7,arousal_real,3d3d7ff7
post-0002-42,42,0,post_flip,hq_city,2,2,1,1,1,0,"s4_contradiction,s4_contradiction,s4_contradiction,s4_contradiction,s4_contradiction,s4_contradiction,s4_contradiction,s4_contradiction,s4_contradiction,s4_contradiction","Headquarters in Austin, Texas.",efe_real,73484533,arousal_real,73484533
post-0003-42,42,0,post_flip,api_version,1,1,1,1,1,0,"s4_contradiction,s4_contradiction,s4_contradiction,s4_contradiction,s4_contradiction,s4_contradiction,s4_contradiction,s4_contradiction,s4_contradiction,s4_contradiction",API rolled forward to version 3.0.,efe_real,3d6dc512,arousal_real,3d6dc512
post-0004-42,42,0,post_flip,budget_ceiling,2,2,1,1,1,0,"s4_contradiction,s4_contradiction,s4_contradiction,s4_contradiction,s4_contradiction,s4_contradiction,s4_contradiction,s4_contradiction,s4_contradiction,s4_contradiction",Q3 budget ceiling is $50k.,efe_shadow,9271141b,arousal_shadow,9271141b
post-0005-42,42,0,post_flip,budget_ceiling,2,2,1,1,1,0,"s4_contradiction,s4_contradiction,s4_contradiction,s4_contradiction,s4_contradiction,s4_contradiction,s4_contradiction,s4_contradiction,s4_contradiction,s4_contradiction",Q3 budget ceiling is $50k.,efe_shadow,9271141b,arousal_shadow,9271141b
post-0006-42,42,0,post_flip,bug_fix_eta,2,2,1,1,1,0,"s4_contradiction,s4_contradiction,s4_contradiction,s4_contradiction,s4_contradiction,s4_contradiction,s4_contradiction,s4_contradiction,s4_contradiction,s4_contradiction",The fix ships in week 14.,efe_shadow,30693469,arousal_shadow,30693469
post-0007-42,42,0,post_flip,dependency_lib,2,2,1,1,1,0,"s4_contradiction,s4_contradiction,s4_contradiction,s4_contradiction,s4_contradiction,s4_contradiction,s4_contradiction,s4_contradiction,s4_contradiction,s4_contradiction",We use OpenSSL for crypto.,efe_real,3d3d7ff7,arousal_real,3d3d7ff7
post-0008-42,42,0,post_flip,budget_ceiling,2,2,1,1,1,0,"s4_contradiction,s4_contradiction,s4_contradiction,s4_contradiction,s4_contradiction,s4_contradiction,s4_contradiction,s4_contradiction,s4_contradiction,s4_contradiction",Q3 budget ceiling is $50k.,efe_shadow,9271141b,arousal_shadow,9271141b
post-0009-42,42,0,post_flip,dependency_lib,2,2,1,1,1,0,"s4_contradiction,s4_contradiction,s4_contradiction,s4_contradiction,s4_contradiction,s4_contradiction,s4_contradiction,s4_contradiction,s4_contradiction,s4_contradiction",We use OpenSSL for crypto.,efe_real,3d3d7ff7,arousal_real,3d3d7ff7
post-0010-42,42,0,post_flip,ceo_name,1,1,1,1,1,0,"s4_contradiction,s4_contradiction,s4_contradiction,s4_contradiction,s4_contradiction,s4_contradiction,s4_contradiction,s4_contradiction,s4_contradiction,s4_contradiction",Update: the actual CEO is Marcus Chen.,efe_real,75575679,arousal_real,75575679
post-0011-42,42,0,post_flip,api_version,1,1,1,1,1,0,"s4_contradiction,s4_contradiction,s4_contradiction,s4_contradiction,s4_contradiction,s4_contradiction,s4_contradiction,s4_contradiction,s4_contradiction,s4_contradiction",API rolled forward to version 3.0.,efe_real,3d6dc512,arousal_real,3d6dc512
post-0012-42,42,0,post_flip,hq_city,2,2,1,1,1,0,"s4_contradiction,s4_contradiction,s4_contradiction,s4_contradiction,s4_contradiction,s4_contradiction,s4_contradiction,s4_contradiction,s4_contradiction,s4_contradiction","Headquarters in Austin, Texas.",efe_real,73484533,arousal_real,73484533
post-0013-42,42,0,post_flip,dependency_lib,2,2,1,1,1,0,"s4_contradiction,s4_contradiction,s4_contradiction,s4_contradiction,s4_contradiction,s4_contradiction,s4_contradiction,s4_contradiction,s4_contradiction,s4_contradiction",We use OpenSSL for crypto.,efe_real,3d3d7ff7,arousal_real,3d3d7ff7
post-0014-42,42,0,post_flip,dependency_lib,2,2,1,1,1,0,"s4_contradiction,s4_contradiction,s4_contradiction,s4_contradiction,s4_contradiction,s4_contradiction,s4_contradiction,s4_contradiction,s4_contradiction,s4_contradiction",We use OpenSSL for crypto.,efe_real,3d3d7ff7,arousal_real,3d3d7ff7
post-0015-42,42,0,post_flip,supplier_name,2,2,1,1,1,0,"s4_contradiction,s4_contradiction,s4_contradiction,s4_contradiction,s4_contradiction,s4_contradiction,s4_contradiction,s4_contradiction,s4_contradiction,s4_contradiction",We source components from Acme Industries.,efe_shadow,304e2924,arousal_shadow,304e2924
post-0016-42,42,0,post_flip,hq_city,2,2,1,1,1,0,"s4_contradiction,s4_contradiction,s4_contradiction,s4_contradiction,s4_contradiction,s4_contradiction,s4_contradiction,s4_contradiction,s4_contradiction,s4_contradiction","Headquarters in Austin, Texas.",efe_real,73484533,arousal_real,73484533
post-0000-42,42,1,post_flip,price_usd,2,1,1,1,1,0,"s4_contradiction,s4_contradiction,s4_contradiction,s4_contradiction,s4_contradiction,s4_contradiction,s4_contradiction,s4_contradiction,s4_contradiction,s4_contradiction",Annual subscription is $499.,efe_real,5d38734a,arousal_real,5d38734a
post-0001-42,42,1,post_flip,dependency_lib,2,2,1,1,1,0,"s4_contradiction,s4_contradiction,s4_contradiction,s4_contradiction,s4_contradiction,s4_contradiction,s4_contradiction,s4_contradiction,s4_contradiction,s4_contradiction",We use OpenSSL for crypto.,efe_real,3d3d7ff7,arousal_real,3d3d7ff7
post-0002-42,42,1,post_flip,hq_city,2,2,1,1,1,0,"s4_contradiction,s4_contradiction,s4_contradiction,s4_contradiction,s4_contradiction,s4_contradiction,s4_contradiction,s4_contradiction,s4_contradiction,s4_contradiction","Headquarters in Austin, Texas.",efe_real,73484533,arousal_real,73484533
post-0003-42,42,1,post_flip,api_version,1,1,1,1,1,0,"s4_contradiction,s4_contradiction,s4_contradiction,s4_contradiction,s4_contradiction,s4_contradiction,s4_contradiction,s4_contradiction,s4_contradiction,s4_contradiction",API rolled forward to version 3.0.,efe_real,3d6dc512,arousal_real,3d6dc512
post-0004-42,42,1,post_flip,budget_ceiling,2,2,1,1,1,0,"s4_contradiction,s4_contradiction,s4_contradiction,s4_contradiction,s4_contradiction,s4_contradiction,s4_contradiction,s4_contradiction,s4_contradiction,s4_contradiction",Q3 budget ceiling is $50k.,efe_shadow,9271141b,arousal_shadow,9271141b
post-0005-42,42,1,post_flip,budget_ceiling,2,2,1,1,1,0,"s4_contradiction,s4_contradiction,s4_contradiction,s4_contradiction,s4_contradiction,s4_contradiction,s4_contradiction,s4_contradiction,s4_contradiction,s4_contradiction",Q3 budget ceiling is $50k.,efe_shadow,9271141b,arousal_shadow,9271141b
post-0006-42,42,1,post_flip,bug_fix_eta,2,2,1,1,1,0,"s4_contradiction,s4_contradiction,s4_contradiction,s4_contradiction,s4_contradiction,s4_contradiction,s4_contradiction,s4_contradiction,s4_contradiction,s4_contradiction",The fix ships in week 14.,efe_shadow,30693469,arousal_shadow,30693469
post-0007-42,42,1,post_flip,dependency_lib,2,2,1,1,1,0,"s4_contradiction,s4_contradiction,s4_contradiction,s4_contradiction,s4_contradiction,s4_contradiction,s4_contradiction,s4_contradiction,s4_contradiction,s4_contradiction",We use OpenSSL for crypto.,efe_real,3d3d7ff7,arousal_real,3d3d7ff7
post-0008-42,42,1,post_flip,budget_ceiling,2,2,1,1,1,0,"s4_contradiction,s4_contradiction,s4_contradiction,s4_contradiction,s4_contradiction,s4_contradiction,s4_contradiction,s4_contradiction,s4_contradiction,s4_contradiction",Q3 budget ceiling is $50k.,efe_shadow,9271141b,arousal_shadow,9271141b
post-0009-42,42,1,post_flip,dependency_lib,2,2,1,1,1,0,"s4_contradiction,s4_contradiction,s4_contradiction,s4_contradiction,s4_contradiction,s4_contradiction,s4_contradiction,s4_contradiction,s4_contradiction,s4_contradiction",We use OpenSSL for crypto.,efe_real,3d3d7ff7,arousal_real,3d3d7ff7
post-0010-42,42,1,post_flip,ceo_name,1,1,1,1,1,0,"s4_contradiction,s4_contradiction,s4_contradiction,s4_contradiction,s4_contradiction,s4_contradiction,s4_contradiction,s4_contradiction,s4_contradiction,s4_contradiction",Update: the actual CEO is Marcus Chen.,efe_real,75575679,arousal_real,75575679
post-0011-42,42,1,post_flip,api_version,1,1,1,1,1,0,"s4_contradiction,s4_contradiction,s4_contradiction,s4_contradiction,s4_contradiction,s4_contradiction,s4_contradiction,s4_contradiction,s4_contradiction,s4_contradiction",API rolled forward to version 3.0.,efe_real,3d6dc512,arousal_real,3d6dc512
post-0012-42,42,1,post_flip,hq_city,2,2,1,1,1,0,"s4_contradiction,s4_contradiction,s4_contradiction,s4_contradiction,s4_contradiction,s4_contradiction,s4_contradiction,s4_contradiction,s4_contradiction,s4_contradiction","Headquarters in Austin, Texas.",efe_real,73484533,arousal_real,73484533
post-0013-42,42,1,post_flip,dependency_lib,2,2,1,1,1,0,"s4_contradiction,s4_contradiction,s4_contradiction,s4_contradiction,s4_contradiction,s4_contradiction,s4_contradiction,s4_contradiction,s4_contradiction,s4_contradiction",We use OpenSSL for crypto.,efe_real,3d3d7ff7,arousal_real,3d3d7ff7
post-0014-42,42,1,post_flip,dependency_lib,2,2,1,1,1,0,"s4_contradiction,s4_contradiction,s4_contradiction,s4_contradiction,s4_contradiction,s4_contradiction,s4_contradiction,s4_contradiction,s4_contradiction,s4_contradiction",We use OpenSSL for crypto.,efe_real,3d3d7ff7,arousal_real,3d3d7ff7
post-0015-42,42,1,post_flip,supplier_name,2,2,1,1,1,0,"s4_contradiction,s4_contradiction,s4_contradiction,s4_contradiction,s4_contradiction,s4_contradiction,s4_contradiction,s4_contradiction,s4_contradiction,s4_contradiction",We source components from Acme Industries.,efe_shadow,304e2924,arousal_shadow,304e2924
post-0016-42,42,1,post_flip,hq_city,2,2,1,1,1,0,"s4_contradiction,s4_contradiction,s4_contradiction,s4_contradiction,s4_contradiction,s4_contradiction,s4_contradiction,s4_contradiction,s4_contradiction,s4_contradiction","Headquarters in Austin, Texas.",efe_real,73484533,arousal_real,73484533
post-0017-42,42,1,post_flip,ceo_name,1,1,1,1,1,0,"s4_contradiction,s4_contradiction,s4_contradiction,s4_contradiction,s4_contradiction,s4_contradiction,s4_contradiction,s4_contradiction,s4_contradiction,s4_contradiction",Update: the actual CEO is Marcus Chen.,efe_real,75575679,arousal_real,75575679
post-0018-42,42,1,post_flip,supplier_name,2,2,1,1,1,0,"s4_contradiction,s4_contradiction,s4_contradiction,s4_contradiction,s4_contradiction,s4_contradiction,s4_contradiction,s4_contradiction,s4_contradiction,s4_contradiction",We source components from Acme Industries.,efe_shadow,304e2924,arousal_shadow,304e2924
post-0019-42,42,1,post_flip,price_usd,2,1,1,1,1,0,"s4_contradiction,s4_contradiction,s4_contradiction,s4_contradiction,s4_contradiction,s4_contradiction,s4_contradiction,s4_contradiction,s4_contradiction,s4_contradiction",Annual subscription is $499.,efe_real,5d38734a,arousal_real,5d38734a
post-0020-42,42,1,post_flip,bug_fix_eta,2,2,1,1,1,0,"s4_contradiction,s4_contradiction,s4_contradiction,s4_contradiction,s4_contradiction,s4_contradiction,s4_contradiction,s4_contradiction,s4_contradiction,s4_contradiction",The fix ships in week 14.,efe_shadow,30693469,arousal_shadow,30693469
post-0021-42,42,1,post_flip,api_version,1,1,1,1,1,0,"s4_contradiction,s4_contradiction,s4_contradiction,s4_contradiction,s4_contradiction,s4_contradiction,s4_contradiction,s4_contradiction,s4_contradiction,s4_contradiction",API rolled forward to version 3.0.,efe_real,3d6dc512,arousal_real,3d6dc512
post-0022-42,42,1,post_flip,launch_date,2,2,1,1,1,0,"s4_contradiction,s4_contradiction,s4_contradiction,s4_contradiction,s4_contradiction,s4_contradiction,s4_contradiction,s4_contradiction,s4_contradiction,s4_contradiction",The product launches on 2026-06-01.,efe_real,cf50ae39,arousal_real,cf50ae39
post-0023-42,42,1,post_flip,hq_city,2,2,1,1,1,0,"s4_contradiction,s4_contradiction,s4_contradiction,s4_contradiction,s4_contradiction,s4_contradiction,s4_contradiction,s4_contradiction,s4_contradiction,s4_contradiction","Headquarters in Austin, Texas.",efe_real,73484533,arousal_real,73484533
post-0024-42,42,1,post_flip,launch_date,2,2,1,1,1,0,"s4_contradiction,s4_contradiction,s4_contradiction,s4_contradiction,s4_contradiction,s4_contradiction,s4_contradiction,s4_contradiction,s4_contradiction,s4_contradiction",The product launches on 2026-06-01.,efe_real,cf50ae39,arousal_real,cf50ae39
post-0025-42,42,1,post_flip,price_usd,2,1,1,1,1,0,"s4_contradiction,s4_contradiction,s4_contradiction,s4_contradiction,s4_contradiction,s4_contradiction,s4_contradiction,s4_contradiction,s4_contradiction,s4_contradiction",Annual subscription is $499.,efe_real,5d38734a,arousal_real,5d38734a
post-0026-42,42,1,post_flip,hq_city,2,2,1,1,1,0,"s4_contradiction,s4_contradiction,s4_contradiction,s4_contradiction,s4_contradiction,s4_contradiction,s4_contradiction,s4_contradiction,s4_contradiction,s4_contradiction","Headquarters in Austin, Texas.",efe_real,73484533,arousal_real,73484533
post-0027-42,42,1,post_flip,ceo_name,1,1,1,1,1,0,"s4_contradiction,s4_contradiction,s4_contradiction,s4_contradiction,s4_contradiction,s4_contradiction,s4_contradiction,s4_contradiction,s4_contradiction,s4_contradiction",Update: the actual CEO is Marcus Chen.,efe_real,75575679,arousal_real,75575679
post-0028-42,42,1,post_flip,supplier_name,2,2,1,1,1,0,"s4_contradiction,s4_contradiction,s4_contradiction,s4_contradiction,s4_contradiction,s4_contradiction,s4_contradiction,s4_contradiction,s4_contradiction,s4_contradiction",We source components from Acme Industries.,efe_shadow,304e2924,arousal_shadow,304e2924
post-0029-42,42,1,post_flip,dependency_lib,2,2,1,1,1,0,"s4_contradiction,s4_contradiction,s4_contradiction,s4_contradiction,s4_contradiction,s4_contradiction,s4_contradiction,s4_contradiction,s4_contradiction,s4_contradiction",We use OpenSSL for crypto.,efe_real,3d3d7ff7,arousal_real,3d3d7ff7
post-0030-42,42,1,post_flip,supplier_name,2,2,1,1,1,0,"s4_contradiction,s4_contradiction,s4_contradiction,s4_contradiction,s4_contradiction,s4_contradiction,s4_contradiction,s4_contradiction,s4_contradiction,s4_contradiction",We source components from Acme Industries.,efe_shadow,304e2924,arousal_shadow,304e2924
post-0031-42,42,1,post_flip,launch_date,2,2,1,1,1,0,"s4_contradiction,s4_contradiction,s4_contradiction,s4_contradiction,s4_contradiction,s4_contradiction,s4_contradiction,s4_contradiction,s4_contradiction,s4_contradiction",The product launches on 2026-06-01.,efe_real,cf50ae39,arousal_real,cf50ae39
post-0032-42,42,1,post_flip,hq_city,2,2,1,1,1,0,"s4_contradiction,s4_contradiction,s4_contradiction,s4_contradiction,s4_contradiction,s4_contradiction,s4_contradiction,s4_contradiction,s4_contradiction,s4_contradiction","Headquarters in Austin, Texas.",efe_real,73484533,arousal_real,73484533
post-0033-42,42,1,post_flip,conference_city,2,2,1,1,1,0,"s4_contradiction,s4_contradiction,s4_contradiction,s4_contradiction,s4_contradiction,s4_contradiction,s4_contradiction,s4_contradiction,s4_contradiction,s4_contradiction",Annual conference will be in Berlin.,efe_real,43730606,arousal_real,43730606
post-0034-42,42,1,post_flip,api_version,1,1,1,1,1,0,"s4_contradiction,s4_contradiction,s4_contradiction,s4_contradiction,s4_contradiction,s4_contradiction,s4_contradiction,s4_contradiction,s4_contradiction,s4_contradiction",API rolled forward to version 3.0.,efe_real,3d6dc512,arousal_real,3d6dc512
post-0035-42,42,1,post_flip,bug_fix_eta,2,2,1,1,1,0,"s4_contradiction,s4_contradiction,s4_contradiction,s4_contradiction,s4_contradiction,s4_contradiction,s4_contradiction,s4_contradiction,s4_contradiction,s4_contradiction",The fix ships in week 14.,efe_shadow,30693469,arousal_shadow,30693469
post-0036-42,42,1,post_flip,dependency_lib,2,2,1,1,1,0,"s4_contradiction,s4_contradiction,s4_contradiction,s4_contradiction,s4_contradiction,s4_contradiction,s4_contradiction,s4_contradiction,s4_contradiction,s4_contradiction",We use OpenSSL for crypto.,efe_real,3d3d7ff7,arousal_real,3d3d7ff7
post-0037-42,42,1,post_flip,launch_date,2,2,1,1,1,0,"s4_contradiction,s4_contradiction,s4_contradiction,s4_contradiction,s4_contradiction,s4_contradiction,s4_contradiction,s4_contradiction,s4_contradiction,s4_contradiction",The product launches on 2026-06-01.,efe_real,cf50ae39,arousal_real,cf50ae39
post-0038-42,42,1,post_flip,api_version,1,1,1,1,1,0,"s4_contradiction,s4_contradiction,s4_contradiction,s4_contradiction,s4_contradiction,s4_contradiction,s4_contradiction,s4_contradiction,s4_contradiction,s4_contradiction",API rolled forward to version 3.0.,efe_real,3d6dc512,arousal_real,3d6dc512
post-0039-42,42,1,post_flip,price_usd,2,1,1,1,1,0,"s4_contradiction,s4_contradiction,s4_contradiction,s4_contradiction,s4_contradiction,s4_contradiction,s4_contradiction,s4_contradiction,s4_contradiction,s4_contradiction",Annual subscription is $499.,efe_real,5d38734a,arousal_real,5d38734a
post-0040-42,42,1,post_flip,dependency_lib,2,2,1,1,1,0,"s4_contradiction,s4_contradiction,s4_contradiction,s4_contradiction,s4_contradiction,s4_contradiction,s4_contradiction,s4_contradiction,s4_contradiction,s4_contradiction",We use OpenSSL for crypto.,efe_real,3d3d7ff7,arousal_real,3d3d7ff7
post-0041-42,42,1,post_flip,api_version,1,1,1,1,1,0,"s4_contradiction,s4_contradiction,s4_contradiction,s4_contradiction,s4_contradiction,s4_contradiction,s4_contradiction,s4_contradiction,s4_contradiction,s4_contradiction",API rolled forward to version 3.0.,efe_real,3d6dc512,arousal_real,3d6dc512
post-0042-42,42,1,post_flip,hq_city,2,2,1,1,1,0,"s4_contradiction,s4_contradiction,s4_contradiction,s4_contradiction,s4_contradiction,s4_contradiction,s4_contradiction,s4_contradiction,s4_contradiction,s4_contradiction","Headquarters in Austin, Texas.",efe_real,73484533,arousal_real,73484533
post-0043-42,42,1,post_flip,price_usd,2,1,1,1,1,0,"s4_contradiction,s4_contradiction,s4_contradiction,s4_contradiction,s4_contradiction,s4_contradiction,s4_contradiction,s4_contradiction,s4_contradiction,s4_contradiction",Annual subscription is $499.,efe_real,5d38734a,arousal_real,5d38734a
post-0044-42,42,1,post_flip,ceo_name,1,1,1,1,1,0,"s4_contradiction,s4_contradiction,s4_contradiction,s4_contradiction,s4_contradiction,s4_contradiction,s4_contradiction,s4_contradiction,s4_contradiction,s4_contradiction",Update: the actual CEO is Marcus Chen.,efe_real,75575679,arousal_real,75575679
post-0045-42,42,1,post_flip,bug_fix_eta,2,2,1,1,1,0,"s4_contradiction,s4_contradiction,s4_contradiction,s4_contradiction,s4_contradiction,s4_contradiction,s4_contradiction,s4_contradiction,s4_contradiction,s4_contradiction",The fix ships in week 14.,efe_shadow,30693469,arousal_shadow,30693469
post-0046-42,42,1,post_flip,launch_date,2,2,1,1,1,0,"s4_contradiction,s4_contradiction,s4_contradiction,s4_contradiction,s4_contradiction,s4_contradiction,s4_contradiction,s4_contradiction,s4_contradiction,s4_contradiction",The product launches on 2026-06-01.,efe_real,cf50ae39,arousal_real,cf50ae39
post-0047-42,42,1,post_flip,budget_ceiling,2,2,1,1,1,0,"s4_contradiction,s4_contradiction,s4_contradiction,s4_contradiction,s4_contradiction,s4_contradiction,s4_contradiction,s4_contradiction,s4_contradiction,s4_contradiction",Q3 budget ceiling is $50k.,efe_shadow,9271141b,arousal_shadow,9271141b
post-0048-42,42,1,post_flip,conference_city,2,2,1,1,1,0,"s4_contradiction,s4_contradiction,s4_contradiction,s4_contradiction,s4_contradiction,s4_contradiction,s4_contradiction,s4_contradiction,s4_contradiction,s4_contradiction",Annual conference will be in Berlin.,efe_real,43730606,arousal_real,43730606
post-0049-42,42,1,post_flip,budget_ceiling,2,2,1,1,1,0,"s4_contradiction,s4_contradiction,s4_contradiction,s4_contradiction,s4_contradiction,s4_contradiction,s4_contradiction,s4_contradiction,s4_contradiction,s4_contradiction",Q3 budget ceiling is $50k.,efe_shadow,9271141b,arousal_shadow,9271141b
post-0050-42,42,1,post_flip,launch_date,2,2,1,1,1,0,"s4_contradiction,s4_contradiction,s4_contradiction,s4_contradiction,s4_contradiction,s4_contradiction,s4_contradiction,s4_contradiction,s4_contradiction,s4_contradiction",The product launches on 2026-06-01.,efe_real,cf50ae39,arousal_real,cf50ae39
post-0051-42,42,1,post_flip,dependency_lib,2,2,1,1,1,0,"s4_contradiction,s4_contradiction,s4_contradiction,s4_contradiction,s4_contradiction,s4_contradiction,s4_contradiction,s4_contradiction,s4_contradiction,s4_contradiction",We use OpenSSL for crypto.,efe_real,3d3d7ff7,arousal_real,3d3d7ff7
post-0052-42,42,1,post_flip,launch_date,2,2,1,1,1,0,"s4_contradiction,s4_contradiction,s4_contradiction,s4_contradiction,s4_contradiction,s4_contradiction,s4_contradiction,s4_contradiction,s4_contradiction,s4_contradiction",The product launches on 2026-06-01.,efe_real,cf50ae39,arousal_real,cf50ae39
post-0053-42,42,1,post_flip,launch_date,2,2,1,1,1,0,"s4_contradiction,s4_contradiction,s4_contradiction,s4_contradiction,s4_contradiction,s4_contradiction,s4_contradiction,s4_contradiction,s4_contradiction,s4_contradiction",The product launches on 2026-06-01.,efe_real,cf50ae39,arousal_real,cf50ae39
post-0054-42,42,1,post_flip,hq_city,2,2,1,1,1,0,"s4_contradiction,s4_contradiction,s4_contradiction,s4_contradiction,s4_contradiction,s4_contradiction,s4_contradiction,s4_contradiction,s4_contradiction,s4_contradiction","Headquarters in Austin, Texas.",efe_real,73484533,arousal_real,73484533
post-0055-42,42,1,post_flip,supplier_name,2,2,1,1,1,0,"s4_contradiction,s4_contradiction,s4_contradiction,s4_contradiction,s4_contradiction,s4_contradiction,s4_contradiction,s4_contradiction,s4_contradiction,s4_contradiction",We source components from Acme Industries.,efe_shadow,304e2924,arousal_shadow,304e2924
post-0056-42,42,1,post_flip,conference_city,2,2,1,1,1,0,"s4_contradiction,s4_contradiction,s4_contradiction,s4_contradiction,s4_contradiction,s4_contradiction,s4_contradiction,s4_contradiction,s4_contradiction,s4_contradiction",Annual conference will be in Berlin.,efe_real,43730606,arousal_real,43730606
post-0057-42,42,1,post_flip,ceo_name,1,1,1,1,1,0,"s4_contradiction,s4_contradiction,s4_contradiction,s4_contradiction,s4_contradiction,s4_contradiction,s4_contradiction,s4_contradiction,s4_contradiction,s4_contradiction",Update: the actual CEO is Marcus Chen.,efe_real,75575679,arousal_real,75575679
post-0058-42,42,1,post_flip,ceo_name,1,1,1,1,1,0,"s4_contradiction,s4_contradiction,s4_contradiction,s4_contradiction,s4_contradiction,s4_contradiction,s4_contradiction,s4_contradiction,s4_contradiction,s4_contradiction",Update: the actual CEO is Marcus Chen.,efe_real,75575679,arousal_real,75575679
post-0059-42,42,1,post_flip,api_version,1,1,1,1,1,0,"s4_contradiction,s4_contradiction,s4_contradiction,s4_contradiction,s4_contradiction,s4_contradiction,s4_contradiction,s4_contradiction,s4_contradiction,s4_contradiction",API rolled forward to version 3.0.,efe_real,3d6dc512,arousal_real,3d6dc512
post-0060-42,42,1,post_flip,ceo_name,1,1,1,1,1,0,"s4_contradiction,s4_contradiction,s4_contradiction,s4_contradiction,s4_contradiction,s4_contradiction,s4_contradiction,s4_contradiction,s4_contradiction,s4_contradiction",Update: the actual CEO is Marcus Chen.,efe_real,75575679,arousal_real,75575679
post-0061-42,42,1,post_flip,conference_city,2,2,1,1,1,0,"s4_contradiction,s4_contradiction,s4_contradiction,s4_contradiction,s4_contradiction,s4_contradiction,s4_contradiction,s4_contradiction,s4_contradiction,s4_contradiction",Annual conference will be in Berlin.,efe_real,43730606,arousal_real,43730606
post-0062-42,42,1,post_flip,api_version,1,1,1,1,1,0,"s4_contradiction,s4_contradiction,s4_contradiction,s4_contradiction,s4_contradiction,s4_contradiction,s4_contradiction,s4_contradiction,s4_contradiction,s4_contradiction",API rolled forward to version 3.0.,efe_real,3d6dc512,arousal_real,3d6dc512
post-0063-42,42,1,post_flip,api_version,1,1,1,1,1,0,"s4_contradiction,s4_contradiction,s4_contradiction,s4_contradiction,s4_contradiction,s4_contradiction,s4_contradiction,s4_contradiction,s4_contradiction,s4_contradiction",API rolled forward to version 3.0.,efe_real,3d6dc512,arousal_real,3d6dc512
post-0064-42,42,1,post_flip,dependency_lib,2,2,1,1,1,0,"s4_contradiction,s4_contradiction,s4_contradiction,s4_contradiction,s4_contradiction,s4_contradiction,s4_contradiction,s4_contradiction,s4_contradiction,s4_contradiction",We use OpenSSL for crypto.,efe_real,3d3d7ff7,arousal_real,3d3d7ff7
post-0065-42,42,1,post_flip,supplier_name,2,2,1,1,1,0,"s4_contradiction,s4_contradiction,s4_contradiction,s4_contradiction,s4_contradiction,s4_contradiction,s4_contradiction,s4_contradiction,s4_contradiction,s4_contradiction",We source components from Acme Industries.,efe_shadow,304e2924,arousal_shadow,304e2924
post-0066-42,42,1,post_flip,budget_ceiling,2,2,1,1,1,0,"s4_contradiction,s4_contradiction,s4_contradiction,s4_contradiction,s4_contradiction,s4_contradiction,s4_contradiction,s4_contradiction,s4_contradiction,s4_contradiction",Q3 budget ceiling is $50k.,efe_shadow,9271141b,arousal_shadow,9271141b
post-0067-42,42,1,post_flip,price_usd,2,1,1,1,1,0,"s4_contradiction,s4_contradiction,s4_contradiction,s4_contradiction,s4_contradiction,s4_contradiction,s4_contradiction,s4_contradiction,s4_contradiction,s4_contradiction",Annual subscription is $499.,efe_real,5d38734a,arousal_real,5d38734a
post-0068-42,42,1,post_flip,dependency_lib,2,2,1,1,1,0,"s4_contradiction,s4_contradiction,s4_contradiction,s4_contradiction,s4_contradiction,s4_contradiction,s4_contradiction,s4_contradiction,s4_contradiction,s4_contradiction",We use OpenSSL for crypto.,efe_real,3d3d7ff7,arousal_real,3d3d7ff7
post-0069-42,42,1,post_flip,bug_fix_eta,2,2,1,1,1,0,"s4_contradiction,s4_contradiction,s4_contradiction,s4_contradiction,s4_contradiction,s4_contradiction,s4_contradiction,s4_contradiction,s4_contradiction,s4_contradiction",The fix ships in week 14.,efe_shadow,30693469,arousal_shadow,30693469
post-0070-42,42,1,post_flip,supplier_name,2,2,1,1,1,0,"s4_contradiction,s4_contradiction,s4_contradiction,s4_contradiction,s4_contradiction,s4_contradiction,s4_contradiction,s4_contradiction,s4_contradiction,s4_contradiction",We source components from Acme Industries.,efe_shadow,304e2924,arousal_shadow,304e2924
post-0071-42,42,1,post_flip,supplier_name,2,2,1,1,1,0,"s4_contradiction,s4_contradiction,s4_contradiction,s4_contradiction,s4_contradiction,s4_contradiction,s4_contradiction,s4_contradiction,s4_contradiction,s4_contradiction",We source components from Acme Industries.,efe_shadow,304e2924,arousal_shadow,304e2924
post-0072-42,42,1,post_flip,supplier_name,2,2,1,1,1,0,"s4_contradiction,s4_contradiction,s4_contradiction,s4_contradiction,s4_contradiction,s4_contradiction,s4_contradiction,s4_contradiction,s4_contradiction,s4_contradiction",We source components from Acme Industries.,efe_shadow,304e2924,arousal_shadow,304e2924
post-0073-42,42,1,post_flip,launch_date,2,2,1,1,1,0,"s4_contradiction,s4_contradiction,s4_contradiction,s4_contradiction,s4_contradiction,s4_contradiction,s4_contradiction,s4_contradiction,s4_contradiction,s4_contradiction",The product launches on 2026-06-01.,efe_real,cf50ae39,arousal_real,cf50ae39
post-0074-42,42,1,post_flip,bug_fix_eta,2,2,1,1,1,0,"s4_contradiction,s4_contradiction,s4_contradiction,s4_contradiction,s4_contradiction,s4_contradiction,s4_contradiction,s4_contradiction,s4_contradiction,s4_contradiction",The fix ships in week 14.,efe_shadow,30693469,arousal_shadow,30693469
post-0075-42,42,1,post_flip,dependency_lib,2,2,1,1,1,0,"s4_contradiction,s4_contradiction,s4_contradiction,s4_contradiction,s4_contradiction,s4_contradiction,s4_contradiction,s4_contradiction,s4_contradiction,s4_contradiction",We use OpenSSL for crypto.,efe_real,3d3d7ff7,arousal_real,3d3d7ff7
post-0076-42,42,1,post_flip,bug_fix_eta,2,2,1,1,1,0,"s4_contradiction,s4_contradiction,s4_contradiction,s4_contradiction,s4_contradiction,s4_contradiction,s4_contradiction,s4_contradiction,s4_contradiction,s4_contradiction",The fix ships in week 14.,efe_shadow,30693469,arousal_shadow,30693469
post-0077-42,42,1,post_flip,budget_ceiling,2,2,1,1,1,0,"s4_contradiction,s4_contradiction,s4_contradiction,s4_contradiction,s4_contradiction,s4_contradiction,s4_contradiction,s4_contradiction,s4_contradiction,s4_contradiction",Q3 budget ceiling is $50k.,efe_shadow,9271141b,arousal_shadow,9271141b
post-0078-42,42,1,post_flip,hq_city,2,2,1,1,1,0,"s4_contradiction,s4_contradiction,s4_contradiction,s4_contradiction,s4_contradiction,s4_contradiction,s4_contradiction,s4_contradiction,s4_contradiction,s4_contradiction","Headquarters in Austin, Texas.",efe_real,73484533,arousal_real,73484533
post-0079-42,42,1,post_flip,bug_fix_eta,2,2,1,1,1,0,"s4_contradiction,s4_contradiction,s4_contradiction,s4_contradiction,s4_contradiction,s4_contradiction,s4_contradiction,s4_contradiction,s4_contradiction,s4_contradiction",The fix ships in week 14.,efe_shadow,30693469,arousal_shadow,30693469
post-0080-42,42,1,post_flip,supplier_name,2,2,1,1,1,0,"s4_contradiction,s4_contradiction,s4_contradiction,s4_contradiction,s4_contradiction,s4_contradiction,s4_contradiction,s4_contradiction,s4_contradiction,s4_contradiction",We source components from Acme Industries.,efe_shadow,304e2924,arousal_shadow,304e2924
post-0081-42,42,1,post_flip,budget_ceiling,2,2,1,1,1,0,"s4_contradiction,s4_contradiction,s4_contradiction,s4_contradiction,s4_contradiction,s4_contradiction,s4_contradiction,s4_contradiction,s4_contradiction,s4_contradiction",Q3 budget ceiling is $50k.,efe_shadow,9271141b,arousal_shadow,9271141b
post-0082-42,42,1,post_flip,hq_city,2,2,1,1,1,0,"s4_contradiction,s4_contradiction,s4_contradiction,s4_contradiction,s4_contradiction,s4_contradiction,s4_contradiction,s4_contradiction,s4_contradiction,s4_contradiction","Headquarters in Austin, Texas.",efe_real,73484533,arousal_real,73484533
post-0083-42,42,1,post_flip,conference_city,2,2,1,1,1,0,"s4_contradiction,s4_contradiction,s4_contradiction,s4_contradiction,s4_contradiction,s4_contradiction,s4_contradiction,s4_contradiction,s4_contradiction,s4_contradiction",Annual conference will be in Berlin.,efe_real,43730606,arousal_real,43730606
post-0084-42,42,1,post_flip,hq_city,2,2,1,1,1,0,"s4_contradiction,s4_contradiction,s4_contradiction,s4_contradiction,s4_contradiction,s4_contradiction,s4_contradiction,s4_contradiction,s4_contradiction,s4_contradiction","Headquarters in Austin, Texas.",efe_real,73484533,arousal_real,73484533
post-0085-42,42,1,post_flip,conference_city,2,2,1,1,1,0,"s4_contradiction,s4_contradiction,s4_contradiction,s4_contradiction,s4_contradiction,s4_contradiction,s4_contradiction,s4_contradiction,s4_contradiction,s4_contradiction",Annual conference will be in Berlin.,efe_real,43730606,arousal_real,43730606
post-0086-42,42,1,post_flip,ceo_name,1,1,1,1,1,0,"s4_contradiction,s4_contradiction,s4_contradiction,s4_contradiction,s4_contradiction,s4_contradiction,s4_contradiction,s4_contradiction,s4_contradiction,s4_contradiction",Update: the actual CEO is Marcus Chen.,efe_real,75575679,arousal_real,75575679
post-0087-42,42,1,post_flip,hq_city,2,2,1,1,1,0,"s4_contradiction,s4_contradiction,s4_contradiction,s4_contradiction,s4_contradiction,s4_contradiction,s4_contradiction,s4_contradiction,s4_contradiction,s4_contradiction","Headquarters in Austin, Texas.",efe_real,73484533,arousal_real,73484533
post-0088-42,42,1,post_flip,conference_city,2,2,1,1,1,0,"s4_contradiction,s4_contradiction,s4_contradiction,s4_contradiction,s4_contradiction,s4_contradiction,s4_contradiction,s4_contradiction,s4_contradiction,s4_contradiction",Annual conference will be in Berlin.,efe_real,43730606,arousal_real,43730606
post-0089-42,42,1,post_flip,price_usd,2,1,1,1,1,0,"s4_contradiction,s4_contradiction,s4_contradiction,s4_contradiction,s4_contradiction,s4_contradiction,s4_contradiction,s4_contradiction,s4_contradiction,s4_contradiction",Annual subscription is $499.,efe_real,5d38734a,arousal_real,5d38734a
post-0090-42,42,1,post_flip,supplier_name,2,2,1,1,1,0,"s4_contradiction,s4_contradiction,s4_contradiction,s4_contradiction,s4_contradiction,s4_contradiction,s4_contradiction,s4_contradiction,s4_contradiction,s4_contradiction",We source components from Acme Industries.,efe_shadow,304e2924,arousal_shadow,304e2924
post-0091-42,42,1,post_flip,launch_date,2,2,1,1,1,0,"s4_contradiction,s4_contradiction,s4_contradiction,s4_contradiction,s4_contradiction,s4_contradiction,s4_contradiction,s4_contradiction,s4_contradiction,s4_contradiction",The product launches on 2026-06-01.,efe_real,cf50ae39,arousal_real,cf50ae39
post-0092-42,42,1,post_flip,hq_city,2,2,1,1,1,0,"s4_contradiction,s4_contradiction,s4_contradiction,s4_contradiction,s4_contradiction,s4_contradiction,s4_contradiction,s4_contradiction,s4_contradiction,s4_contradiction","Headquarters in Austin, Texas.",efe_real,73484533,arousal_real,73484533
post-0093-42,42,1,post_flip,api_version,1,1,1,1,1,0,"s4_contradiction,s4_contradiction,s4_contradiction,s4_contradiction,s4_contradiction,s4_contradiction,s4_contradiction,s4_contradiction,s4_contradiction,s4_contradiction",API rolled forward to version 3.0.,efe_real,3d6dc512,arousal_real,3d6dc512
post-0094-42,42,1,post_flip,bug_fix_eta,2,2,1,1,1,0,"s4_contradiction,s4_contradiction,s4_contradiction,s4_contradiction,s4_contradiction,s4_contradiction,s4_contradiction,s4_contradiction,s4_contradiction,s4_contradiction",The fix ships in week 14.,efe_shadow,30693469,arousal_shadow,30693469
post-0095-42,42,1,post_flip,conference_city,2,2,1,1,1,0,"s4_contradiction,s4_contradiction,s4_contradiction,s4_contradiction,s4_contradiction,s4_contradiction,s4_contradiction,s4_contradiction,s4_contradiction,s4_contradiction",Annual conference will be in Berlin.,efe_real,43730606,arousal_real,43730606
post-0096-42,42,1,post_flip,dependency_lib,2,2,1,1,1,0,"s4_contradiction,s4_contradiction,s4_contradiction,s4_contradiction,s4_contradiction,s4_contradiction,s4_contradiction,s4_contradiction,s4_contradiction,s4_contradiction",We use OpenSSL for crypto.,efe_real,3d3d7ff7,arousal_real,3d3d7ff7
post-0097-42,42,1,post_flip,conference_city,2,2,1,1,1,0,"s4_contradiction,s4_contradiction,s4_contradiction,s4_contradiction,s4_contradiction,s4_contradiction,s4_contradiction,s4_contradiction,s4_contradiction,s4_contradiction",Annual conference will be in Berlin.,efe_real,43730606,arousal_real,43730606
post-0098-42,42,1,post_flip,hq_city,2,2,1,1,1,0,"s4_contradiction,s4_contradiction,s4_contradiction,s4_contradiction,s4_contradiction,s4_contradiction,s4_contradiction,s4_contradiction,s4_contradiction,s4_contradiction","Headquarters in Austin, Texas.",efe_real,73484533,arousal_real,73484533
post-0099-42,42,1,post_flip,conference_city,2,2,1,1,1,0,"s4_contradiction,s4_contradiction,s4_contradiction,s4_contradiction,s4_contradiction,s4_contradiction,s4_contradiction,s4_contradiction,s4_contradiction,s4_contradiction",Annual conference will be in Berlin.,efe_real,43730606,arousal_real,43730606
post-0100-42,42,1,post_flip,budget_ceiling,2,2,1,1,1,0,"s4_contradiction,s4_contradiction,s4_contradiction,s4_contradiction,s4_contradiction,s4_contradiction,s4_contradiction,s4_contradiction,s4_contradiction,s4_contradiction",Q3 budget ceiling is $50k.,efe_shadow,9271141b,arousal_shadow,9271141b
post-0101-42,42,1,post_flip,dependency_lib,2,2,1,1,1,0,"s4_contradiction,s4_contradiction,s4_contradiction,s4_contradiction,s4_contradiction,s4_contradiction,s4_contradiction,s4_contradiction,s4_contradiction,s4_contradiction",We use OpenSSL for crypto.,efe_real,3d3d7ff7,arousal_real,3d3d7ff7
post-0102-42,42,1,post_flip,hq_city,2,2,1,1,1,0,"s4_contradiction,s4_contradiction,s4_contradiction,s4_contradiction,s4_contradiction,s4_contradiction,s4_contradiction,s4_contradiction,s4_contradiction,s4_contradiction","Headquarters in Austin, Texas.",efe_real,73484533,arousal_real,73484533
post-0103-42,42,1,post_flip,launch_date,2,2,1,1,1,0,"s4_contradiction,s4_contradiction,s4_contradiction,s4_contradiction,s4_contradiction,s4_contradiction,s4_contradiction,s4_contradiction,s4_contradiction,s4_contradiction",The product launches on 2026-06-01.,efe_real,cf50ae39,arousal_real,cf50ae39
post-0104-42,42,1,post_flip,budget_ceiling,2,2,1,1,1,0,"s4_contradiction,s4_contradiction,s4_contradiction,s4_contradiction,s4_contradiction,s4_contradiction,s4_contradiction,s4_contradiction,s4_contradiction,s4_contradiction",Q3 budget ceiling is $50k.,efe_shadow,9271141b,arousal_shadow,9271141b
post-0105-42,42,1,post_flip,dependency_lib,2,2,1,1,1,0,"s4_contradiction,s4_contradiction,s4_contradiction,s4_contradiction,s4_contradiction,s4_contradiction,s4_contradiction,s4_contradiction,s4_contradiction,s4_contradiction",We use OpenSSL for crypto.,efe_real,3d3d7ff7,arousal_real,3d3d7ff7
post-0106-42,42,1,post_flip,bug_fix_eta,2,2,1,1,1,0,"s4_contradiction,s4_contradiction,s4_contradiction,s4_contradiction,s4_contradiction,s4_contradiction,s4_contradiction,s4_contradiction,s4_contradiction,s4_contradiction",The fix ships in week 14.,efe_shadow,30693469,arousal_shadow,30693469
post-0107-42,42,1,post_flip,api_version,1,1,1,1,1,0,"s4_contradiction,s4_contradiction,s4_contradiction,s4_contradiction,s4_contradiction,s4_contradiction,s4_contradiction,s4_contradiction,s4_contradiction,s4_contradiction",API rolled forward to version 3.0.,efe_real,3d6dc512,arousal_real,3d6dc512
post-0108-42,42,1,post_flip,bug_fix_eta,2,2,1,1,1,0,"s4_contradiction,s4_contradiction,s4_contradiction,s4_contradiction,s4_contradiction,s4_contradiction,s4_contradiction,s4_contradiction,s4_contradiction,s4_contradiction",The fix ships in week 14.,efe_shadow,30693469,arousal_shadow,30693469
post-0109-42,42,1,post_flip,conference_city,2,2,1,1,1,0,"s4_contradiction,s4_contradiction,s4_contradiction,s4_contradiction,s4_contradiction,s4_contradiction,s4_contradiction,s4_contradiction,s4_contradiction,s4_contradiction",Annual conference will be in Berlin.,efe_real,43730606,arousal_real,43730606
post-0110-42,42,1,post_flip,conference_city,2,2,1,1,1,0,"s4_contradiction,s4_contradiction,s4_contradiction,s4_contradiction,s4_contradiction,s4_contradiction,s4_contradiction,s4_contradiction,s4_contradiction,s4_contradiction",Annual conference will be in Berlin.,efe_real,43730606,arousal_real,43730606
post-0111-42,42,1,post_flip,ceo_name,1,1,1,1,1,0,"s4_contradiction,s4_contradiction,s4_contradiction,s4_contradiction,s4_contradiction,s4_contradiction,s4_contradiction,s4_contradiction,s4_contradiction,s4_contradiction",Update: the actual CEO is Marcus Chen.,efe_real,75575679,arousal_real,75575679
post-0112-42,42,1,post_flip,dependency_lib,2,2,1,1,1,0,"s4_contradiction,s4_contradiction,s4_contradiction,s4_contradiction,s4_contradiction,s4_contradiction,s4_contradiction,s4_contradiction,s4_contradiction,s4_contradiction",We use OpenSSL for crypto.,efe_real,3d3d7ff7,arousal_real,3d3d7ff7
post-0113-42,42,1,post_flip,conference_city,2,2,1,1,1,0,"s4_contradiction,s4_contradiction,s4_contradiction,s4_contradiction,s4_contradiction,s4_contradiction,s4_contradiction,s4_contradiction,s4_contradiction,s4_contradiction",Annual conference will be in Berlin.,efe_real,43730606,arousal_real,43730606
post-0114-42,42,1,post_flip,ceo_name,1,1,1,1,1,0,"s4_contradiction,s4_contradiction,s4_contradiction,s4_contradiction,s4_contradiction,s4_contradiction,s4_contradiction,s4_contradiction,s4_contradiction,s4_contradiction",Update: the actual CEO is Marcus Chen.,efe_real,75575679,arousal_real,75575679
post-0115-42,42,1,post_flip,bug_fix_eta,2,2,1,1,1,0,"s4_contradiction,s4_contradiction,s4_contradiction,s4_contradiction,s4_contradiction,s4_contradiction,s4_contradiction,s4_contradiction,s4_contradiction,s4_contradiction",The fix ships in week 14.,efe_shadow,30693469,arousal_shadow,30693469
post-0116-42,42,1,post_flip,ceo_name,1,1,1,1,1,0,"s4_contradiction,s4_contradiction,s4_contradiction,s4_contradiction,s4_contradiction,s4_contradiction,s4_contradiction,s4_contradiction,s4_contradiction,s4_contradiction",Update: the actual CEO is Marcus Chen.,efe_real,75575679,arousal_real,75575679
post-0117-42,42,1,post_flip,bug_fix_eta,2,2,1,1,1,0,"s4_contradiction,s4_contradiction,s4_contradiction,s4_contradiction,s4_contradiction,s4_contradiction,s4_contradiction,s4_contradiction,s4_contradiction,s4_contradiction",The fix ships in week 14.,efe_shadow,30693469,arousal_shadow,30693469
post-0118-42,42,1,post_flip,hq_city,2,2,1,1,1,0,"s4_contradiction,s4_contradiction,s4_contradiction,s4_contradiction,s4_contradiction,s4_contradiction,s4_contradiction,s4_contradiction,s4_contradiction,s4_contradiction","Headquarters in Austin, Texas.",efe_real,73484533,arousal_real,73484533
post-0119-42,42,1,post_flip,conference_city,2,2,1,1,1,0,"s4_contradiction,s4_contradiction,s4_contradiction,s4_contradiction,s4_contradiction,s4_contradiction,s4_contradiction,s4_contradiction,s4_contradiction,s4_contradiction",Annual conference will be in Berlin.,efe_real,43730606,arousal_real,43730606
post-0120-42,42,1,post_flip,budget_ceiling,2,2,1,1,1,0,"s4_contradiction,s4_contradiction,s4_contradiction,s4_contradiction,s4_contradiction,s4_contradiction,s4_contradiction,s4_contradiction,s4_contradiction,s4_contradiction",Q3 budget ceiling is $50k.,efe_shadow,9271141b,arousal_shadow,9271141b
post-0121-42,42,1,post_flip,bug_fix_eta,2,2,1,1,1,0,"s4_contradiction,s4_contradiction,s4_contradiction,s4_contradiction,s4_contradiction,s4_contradiction,s4_contradiction,s4_contradiction,s4_contradiction,s4_contradiction",The fix ships in week 14.,efe_shadow,30693469,arousal_shadow,30693469
post-0122-42,42,1,post_flip,api_version,1,1,1,1,1,0,"s4_contradiction,s4_contradiction,s4_contradiction,s4_contradiction,s4_contradiction,s4_contradiction,s4_contradiction,s4_contradiction,s4_contradiction,s4_contradiction",API rolled forward to version 3.0.,efe_real,3d6dc512,arousal_real,3d6dc512
post-0123-42,42,1,post_flip,budget_ceiling,2,2,1,1,1,0,"s4_contradiction,s4_contradiction,s4_contradiction,s4_contradiction,s4_contradiction,s4_contradiction,s4_contradiction,s4_contradiction,s4_contradiction,s4_contradiction",Q3 budget ceiling is $50k.,efe_shadow,9271141b,arousal_shadow,9271141b
post-0124-42,42,1,post_flip,budget_ceiling,2,2,1,1,1,0,"s4_contradiction,s4_contradiction,s4_contradiction,s4_contradiction,s4_contradiction,s4_contradiction,s4_contradiction,s4_contradiction,s4_contradiction,s4_contradiction",Q3 budget ceiling is $50k.,efe_shadow,9271141b,arousal_shadow,9271141b
post-0125-42,42,1,post_flip,bug_fix_eta,2,2,1,1,1,0,"s4_contradiction,s4_contradiction,s4_contradiction,s4_contradiction,s4_contradiction,s4_contradiction,s4_contradiction,s4_contradiction,s4_contradiction,s4_contradiction",The fix ships in week 14.,efe_shadow,30693469,arousal_shadow,30693469
post-0126-42,42,1,post_flip,conference_city,2,2,1,1,1,0,"s4_contradiction,s4_contradiction,s4_contradiction,s4_contradiction,s4_contradiction,s4_contradiction,s4_contradiction,s4_contradiction,s4_contradiction,s4_contradiction",Annual conference will be in Berlin.,efe_real,43730606,arousal_real,43730606
post-0127-42,42,1,post_flip,supplier_name,2,2,1,1,1,0,"s4_contradiction,s4_contradiction,s4_contradiction,s4_contradiction,s4_contradiction,s4_contradiction,s4_contradiction,s4_contradiction,s4_contradiction,s4_contradiction",We source components from Acme Industries.,efe_shadow,304e2924,arousal_shadow,304e2924
post-0128-42,42,1,post_flip,launch_date,2,2,1,1,1,0,"s4_contradiction,s4_contradiction,s4_contradiction,s4_contradiction,s4_contradiction,s4_contradiction,s4_contradiction,s4_contradiction,s4_contradiction,s4_contradiction",The product launches on 2026-06-01.,efe_real,cf50ae39,arousal_real,cf50ae39
post-0000-137,137,0,post_flip,api_version,1,1,1,1,1,0,"s4_contradiction,s4_contradiction,s4_contradiction,s4_contradiction,s4_contradiction,s4_contradiction,s4_contradiction,s4_contradiction,s4_contradiction,s4_contradiction",API rolled forward to version 3.0.,efe_real,3d6dc512,arousal_real,3d6dc512
post-0001-137,137,0,post_flip,launch_date,2,2,1,1,1,0,"s4_contradiction,s4_contradiction,s4_contradiction,s4_contradiction,s4_contradiction,s4_contradiction,s4_contradiction,s4_contradiction,s4_contradiction,s4_contradiction",The product launches on 2026-06-01.,efe_real,cf50ae39,arousal_real,cf50ae39
post-0002-137,137,0,post_flip,dependency_lib,2,2,1,1,1,0,"s4_contradiction,s4_contradiction,s4_contradiction,s4_contradiction,s4_contradiction,s4_contradiction,s4_contradiction,s4_contradiction,s4_contradiction,s4_contradiction",We use OpenSSL for crypto.,efe_real,3d3d7ff7,arousal_real,3d3d7ff7
post-0003-137,137,0,post_flip,supplier_name,2,2,1,1,1,0,"s4_contradiction,s4_contradiction,s4_contradiction,s4_contradiction,s4_contradiction,s4_contradiction,s4_contradiction,s4_contradiction,s4_contradiction,s4_contradiction",We source components from Acme Industries.,efe_shadow,304e2924,arousal_shadow,304e2924
post-0004-137,137,0,post_flip,dependency_lib,2,2,1,1,1,0,"s4_contradiction,s4_contradiction,s4_contradiction,s4_contradiction,s4_contradiction,s4_contradiction,s4_contradiction,s4_contradiction,s4_contradiction,s4_contradiction",We use OpenSSL for crypto.,efe_real,3d3d7ff7,arousal_real,3d3d7ff7
post-0005-137,137,0,post_flip,ceo_name,1,1,1,1,1,0,"s4_contradiction,s4_contradiction,s4_contradiction,s4_contradiction,s4_contradiction,s4_contradiction,s4_contradiction,s4_contradiction,s4_contradiction,s4_contradiction",Update: the actual CEO is Marcus Chen.,efe_real,75575679,arousal_real,75575679
post-0006-137,137,0,post_flip,api_version,1,1,1,1,1,0,"s4_contradiction,s4_contradiction,s4_contradiction,s4_contradiction,s4_contradiction,s4_contradiction,s4_contradiction,s4_contradiction,s4_contradiction,s4_contradiction",API rolled forward to version 3.0.,efe_real,3d6dc512,arousal_real,3d6dc512
post-0007-137,137,0,post_flip,launch_date,2,2,1,1,1,0,"s4_contradiction,s4_contradiction,s4_contradiction,s4_contradiction,s4_contradiction,s4_contradiction,s4_contradiction,s4_contradiction,s4_contradiction,s4_contradiction",The product launches on 2026-06-01.,efe_real,cf50ae39,arousal_real,cf50ae39
post-0008-137,137,0,post_flip,dependency_lib,2,2,1,1,1,0,"s4_contradiction,s4_contradiction,s4_contradiction,s4_contradiction,s4_contradiction,s4_contradiction,s4_contradiction,s4_contradiction,s4_contradiction,s4_contradiction",We use OpenSSL for crypto.,efe_real,3d3d7ff7,arousal_real,3d3d7ff7
post-0009-137,137,0,post_flip,dependency_lib,2,2,1,1,1,0,"s4_contradiction,s4_contradiction,s4_contradiction,s4_contradiction,s4_contradiction,s4_contradiction,s4_contradiction,s4_contradiction,s4_contradiction,s4_contradiction",We use OpenSSL for crypto.,efe_real,3d3d7ff7,arousal_real,3d3d7ff7
post-0010-137,137,0,post_flip,dependency_lib,2,2,1,1,1,0,"s4_contradiction,s4_contradiction,s4_contradiction,s4_contradiction,s4_contradiction,s4_contradiction,s4_contradiction,s4_contradiction,s4_contradiction,s4_contradiction",We use OpenSSL for crypto.,efe_real,3d3d7ff7,arousal_real,3d3d7ff7
post-0011-137,137,0,post_flip,supplier_name,2,2,1,1,1,0,"s4_contradiction,s4_contradiction,s4_contradiction,s4_contradiction,s4_contradiction,s4_contradiction,s4_contradiction,s4_contradiction,s4_contradiction,s4_contradiction",We source components from Acme Industries.,efe_shadow,304e2924,arousal_shadow,304e2924
post-0012-137,137,0,post_flip,supplier_name,2,2,1,1,1,0,"s4_contradiction,s4_contradiction,s4_contradiction,s4_contradiction,s4_contradiction,s4_contradiction,s4_contradiction,s4_contradiction,s4_contradiction,s4_contradiction",We source components from Acme Industries.,efe_shadow,304e2924,arousal_shadow,304e2924
post-0013-137,137,0,post_flip,launch_date,2,2,1,1,1,0,"s4_contradiction,s4_contradiction,s4_contradiction,s4_contradiction,s4_contradiction,s4_contradiction,s4_contradiction,s4_contradiction,s4_contradiction,s4_contradiction",The product launches on 2026-06-01.,efe_real,cf50ae39,arousal_real,cf50ae39
post-0014-137,137,0,post_flip,launch_date,2,2,1,1,1,0,"s4_contradiction,s4_contradiction,s4_contradiction,s4_contradiction,s4_contradiction,s4_contradiction,s4_contradiction,s4_contradiction,s4_contradiction,s4_contradiction",The product launches on 2026-06-01.,efe_real,cf50ae39,arousal_real,cf50ae39
post-0015-137,137,0,post_flip,conference_city,2,2,1,1,1,0,"s4_contradiction,s4_contradiction,s4_contradiction,s4_contradiction,s4_contradiction,s4_contradiction,s4_contradiction,s4_contradiction,s4_contradiction,s4_contradiction",Annual conference will be in Berlin.,efe_real,43730606,arousal_real,43730606
post-0016-137,137,0,post_flip,budget_ceiling,2,2,1,1,1,0,"s4_contradiction,s4_contradiction,s4_contradiction,s4_contradiction,s4_contradiction,s4_contradiction,s4_contradiction,s4_contradiction,s4_contradiction,s4_contradiction",Q3 budget ceiling is $50k.,efe_shadow,9271141b,arousal_shadow,9271141b
post-0017-137,137,0,post_flip,bug_fix_eta,2,2,1,1,1,0,"s4_contradiction,s4_contradiction,s4_contradiction,s4_contradiction,s4_contradiction,s4_contradiction,s4_contradiction,s4_contradiction,s4_contradiction,s4_contradiction",The fix ships in week 14.,efe_shadow,30693469,arousal_shadow,30693469
post-0018-137,137,0,post_flip,supplier_name,2,2,1,1,1,0,"s4_contradiction,s4_contradiction,s4_contradiction,s4_contradiction,s4_contradiction,s4_contradiction,s4_contradiction,s4_contradiction,s4_contradiction,s4_contradiction",We source components from Acme Industries.,efe_shadow,304e2924,arousal_shadow,304e2924
post-0019-137,137,0,post_flip,conference_city,2,2,1,1,1,0,"s4_contradiction,s4_contradiction,s4_contradiction,s4_contradiction,s4_contradiction,s4_contradiction,s4_contradiction,s4_contradiction,s4_contradiction,s4_contradiction",Annual conference will be in Berlin.,efe_real,43730606,arousal_real,43730606
post-0020-137,137,0,post_flip,ceo_name,1,1,1,1,1,0,"s4_contradiction,s4_contradiction,s4_contradiction,s4_contradiction,s4_contradiction,s4_contradiction,s4_contradiction,s4_contradiction,s4_contradiction,s4_contradiction",Update: the actual CEO is Marcus Chen.,efe_real,75575679,arousal_real,75575679
post-0021-137,137,0,post_flip,dependency_lib,2,2,1,1,1,0,"s4_contradiction,s4_contradiction,s4_contradiction,s4_contradiction,s4_contradiction,s4_contradiction,s4_contradiction,s4_contradiction,s4_contradiction,s4_contradiction",We use OpenSSL for crypto.,efe_real,3d3d7ff7,arousal_real,3d3d7ff7
post-0022-137,137,0,post_flip,hq_city,2,2,1,1,1,0,"s4_contradiction,s4_contradiction,s4_contradiction,s4_contradiction,s4_contradiction,s4_contradiction,s4_contradiction,s4_contradiction,s4_contradiction,s4_contradiction","Headquarters in Austin, Texas.",efe_real,73484533,arousal_real,73484533
post-0023-137,137,0,post_flip,bug_fix_eta,2,2,1,1,1,0,"s4_contradiction,s4_contradiction,s4_contradiction,s4_contradiction,s4_contradiction,s4_contradiction,s4_contradiction,s4_contradiction,s4_contradiction,s4_contradiction",The fix ships in week 14.,efe_shadow,30693469,arousal_shadow,30693469
post-0024-137,137,0,post_flip,conference_city,2,2,1,1,1,0,"s4_contradiction,s4_contradiction,s4_contradiction,s4_contradiction,s4_contradiction,s4_contradiction,s4_contradiction,s4_contradiction,s4_contradiction,s4_contradiction",Annual conference will be in Berlin.,efe_real,43730606,arousal_real,43730606
post-0025-137,137,0,post_flip,api_version,1,1,1,1,1,0,"s4_contradiction,s4_contradiction,s4_contradiction,s4_contradiction,s4_contradiction,s4_contradiction,s4_contradiction,s4_contradiction,s4_contradiction,s4_contradiction",API rolled forward to version 3.0.,efe_real,3d6dc512,arousal_real,3d6dc512
post-0026-137,137,0,post_flip,hq_city,2,2,1,1,1,0,"s4_contradiction,s4_contradiction,s4_contradiction,s4_contradiction,s4_contradiction,s4_contradiction,s4_contradiction,s4_contradiction,s4_contradiction,s4_contradiction","Headquarters in Austin, Texas.",efe_real,73484533,arousal_real,73484533
post-0027-137,137,0,post_flip,conference_city,2,2,1,1,1,0,"s4_contradiction,s4_contradiction,s4_contradiction,s4_contradiction,s4_contradiction,s4_contradiction,s4_contradiction,s4_contradiction,s4_contradiction,s4_contradiction",Annual conference will be in Berlin.,efe_real,43730606,arousal_real,43730606
post-0028-137,137,0,post_flip,budget_ceiling,2,2,1,1,1,0,"s4_contradiction,s4_contradiction,s4_contradiction,s4_contradiction,s4_contradiction,s4_contradiction,s4_contradiction,s4_contradiction,s4_contradiction,s4_contradiction",Q3 budget ceiling is $50k.,efe_shadow,9271141b,arousal_shadow,9271141b
post-0029-137,137,0,post_flip,dependency_lib,2,2,1,1,1,0,"s4_contradiction,s4_contradiction,s4_contradiction,s4_contradiction,s4_contradiction,s4_contradiction,s4_contradiction,s4_contradiction,s4_contradiction,s4_contradiction",We use OpenSSL for crypto.,efe_real,3d3d7ff7,arousal_real,3d3d7ff7
post-0030-137,137,0,post_flip,ceo_name,1,1,1,1,1,0,"s4_contradiction,s4_contradiction,s4_contradiction,s4_contradiction,s4_contradiction,s4_contradiction,s4_contradiction,s4_contradiction,s4_contradiction,s4_contradiction",Update: the actual CEO is Marcus Chen.,efe_real,75575679,arousal_real,75575679
post-0031-137,137,0,post_flip,launch_date,2,2,1,1,1,0,"s4_contradiction,s4_contradiction,s4_contradiction,s4_contradiction,s4_contradiction,s4_contradiction,s4_contradiction,s4_contradiction,s4_contradiction,s4_contradiction",The product launches on 2026-06-01.,efe_real,cf50ae39,arousal_real,cf50ae39
post-0032-137,137,0,post_flip,budget_ceiling,2,2,1,1,1,0,"s4_contradiction,s4_contradiction,s4_contradiction,s4_contradiction,s4_contradiction,s4_contradiction,s4_contradiction,s4_contradiction,s4_contradiction,s4_contradiction",Q3 budget ceiling is $50k.,efe_shadow,9271141b,arousal_shadow,9271141b
post-0033-137,137,0,post_flip,api_version,1,1,1,1,1,0,"s4_contradiction,s4_contradiction,s4_contradiction,s4_contradiction,s4_contradiction,s4_contradiction,s4_contradiction,s4_contradiction,s4_contradiction,s4_contradiction",API rolled forward to version 3.0.,efe_real,3d6dc512,arousal_real,3d6dc512
post-0034-137,137,0,post_flip,price_usd,2,1,1,1,1,0,"s4_contradiction,s4_contradiction,s4_contradiction,s4_contradiction,s4_contradiction,s4_contradiction,s4_contradiction,s4_contradiction,s4_contradiction,s4_contradiction",Annual subscription is $499.,efe_real,5d38734a,arousal_real,5d38734a
post-0035-137,137,0,post_flip,conference_city,2,2,1,1,1,0,"s4_contradiction,s4_contradiction,s4_contradiction,s4_contradiction,s4_contradiction,s4_contradiction,s4_contradiction,s4_contradiction,s4_contradiction,s4_contradiction",Annual conference will be in Berlin.,efe_real,43730606,arousal_real,43730606
post-0036-137,137,0,post_flip,api_version,1,1,1,1,1,0,"s4_contradiction,s4_contradiction,s4_contradiction,s4_contradiction,s4_contradiction,s4_contradiction,s4_contradiction,s4_contradiction,s4_contradiction,s4_contradiction",API rolled forward to version 3.0.,efe_real,3d6dc512,arousal_real,3d6dc512
post-0037-137,137,0,post_flip,supplier_name,2,2,1,1,1,0,"s4_contradiction,s4_contradiction,s4_contradiction,s4_contradiction,s4_contradiction,s4_contradiction,s4_contradiction,s4_contradiction,s4_contradiction,s4_contradiction",We source components from Acme Industries.,efe_shadow,304e2924,arousal_shadow,304e2924
post-0038-137,137,0,post_flip,api_version,1,1,1,1,1,0,"s4_contradiction,s4_contradiction,s4_contradiction,s4_contradiction,s4_contradiction,s4_contradiction,s4_contradiction,s4_contradiction,s4_contradiction,s4_contradiction",API rolled forward to version 3.0.,efe_real,3d6dc512,arousal_real,3d6dc512
post-0039-137,137,0,post_flip,budget_ceiling,2,2,1,1,1,0,"s4_contradiction,s4_contradiction,s4_contradiction,s4_contradiction,s4_contradiction,s4_contradiction,s4_contradiction,s4_contradiction,s4_contradiction,s4_contradiction",Q3 budget ceiling is $50k.,efe_shadow,9271141b,arousal_shadow,9271141b
post-0040-137,137,0,post_flip,budget_ceiling,2,2,1,1,1,0,"s4_contradiction,s4_contradiction,s4_contradiction,s4_contradiction,s4_contradiction,s4_contradiction,s4_contradiction,s4_contradiction,s4_contradiction,s4_contradiction",Q3 budget ceiling is $50k.,efe_shadow,9271141b,arousal_shadow,9271141b
post-0041-137,137,0,post_flip,bug_fix_eta,2,2,1,1,1,0,"s4_contradiction,s4_contradiction,s4_contradiction,s4_contradiction,s4_contradiction,s4_contradiction,s4_contradiction,s4_contradiction,s4_contradiction,s4_contradiction",The fix ships in week 14.,efe_shadow,30693469,arousal_shadow,30693469
post-0042-137,137,0,post_flip,price_usd,2,1,1,1,1,0,"s4_contradiction,s4_contradiction,s4_contradiction,s4_contradiction,s4_contradiction,s4_contradiction,s4_contradiction,s4_contradiction,s4_contradiction,s4_contradiction",Annual subscription is $499.,efe_real,5d38734a,arousal_real,5d38734a
post-0043-137,137,0,post_flip,dependency_lib,2,2,1,1,1,0,"s4_contradiction,s4_contradiction,s4_contradiction,s4_contradiction,s4_contradiction,s4_contradiction,s4_contradiction,s4_contradiction,s4_contradiction,s4_contradiction",We use OpenSSL for crypto.,efe_real,3d3d7ff7,arousal_real,3d3d7ff7
post-0044-137,137,0,post_flip,dependency_lib,2,2,1,1,1,0,"s4_contradiction,s4_contradiction,s4_contradiction,s4_contradiction,s4_contradiction,s4_contradiction,s4_contradiction,s4_contradiction,s4_contradiction,s4_contradiction",We use OpenSSL for crypto.,efe_real,3d3d7ff7,arousal_real,3d3d7ff7
post-0045-137,137,0,post_flip,conference_city,2,2,1,1,1,0,"s4_contradiction,s4_contradiction,s4_contradiction,s4_contradiction,s4_contradiction,s4_contradiction,s4_contradiction,s4_contradiction,s4_contradiction,s4_contradiction",Annual conference will be in Berlin.,efe_real,43730606,arousal_real,43730606
post-0046-137,137,0,post_flip,launch_date,2,2,1,1,1,0,"s4_contradiction,s4_contradiction,s4_contradiction,s4_contradiction,s4_contradiction,s4_contradiction,s4_contradiction,s4_contradiction,s4_contradiction,s4_contradiction",The product launches on 2026-06-01.,efe_real,cf50ae39,arousal_real,cf50ae39
post-0047-137,137,0,post_flip,bug_fix_eta,2,2,1,1,1,0,"s4_contradiction,s4_contradiction,s4_contradiction,s4_contradiction,s4_contradiction,s4_contradiction,s4_contradiction,s4_contradiction,s4_contradiction,s4_contradiction",The fix ships in week 14.,efe_shadow,30693469,arousal_shadow,30693469
post-0048-137,137,0,post_flip,budget_ceiling,2,2,1,1,1,0,"s4_contradiction,s4_contradiction,s4_contradiction,s4_contradiction,s4_contradiction,s4_contradiction,s4_contradiction,s4_contradiction,s4_contradiction,s4_contradiction",Q3 budget ceiling is $50k.,efe_shadow,9271141b,arousal_shadow,9271141b
post-0049-137,137,0,post_flip,price_usd,2,1,1,1,1,0,"s4_contradiction,s4_contradiction,s4_contradiction,s4_contradiction,s4_contradiction,s4_contradiction,s4_contradiction,s4_contradiction,s4_contradiction,s4_contradiction",Annual subscription is $499.,efe_real,5d38734a,arousal_real,5d38734a
post-0050-137,137,0,post_flip,ceo_name,1,1,1,1,1,0,"s4_contradiction,s4_contradiction,s4_contradiction,s4_contradiction,s4_contradiction,s4_contradiction,s4_contradiction,s4_contradiction,s4_contradiction,s4_contradiction",Update: the actual CEO is Marcus Chen.,efe_real,75575679,arousal_real,75575679
post-0051-137,137,0,post_flip,hq_city,2,2,1,1,1,0,"s4_contradiction,s4_contradiction,s4_contradiction,s4_contradiction,s4_contradiction,s4_contradiction,s4_contradiction,s4_contradiction,s4_contradiction,s4_contradiction","Headquarters in Austin, Texas.",efe_real,73484533,arousal_real,73484533
post-0052-137,137,0,post_flip,launch_date,2,2,1,1,1,0,"s4_contradiction,s4_contradiction,s4_contradiction,s4_contradiction,s4_contradiction,s4_contradiction,s4_contradiction,s4_contradiction,s4_contradiction,s4_contradiction",The product launches on 2026-06-01.,efe_real,cf50ae39,arousal_real,cf50ae39
post-0053-137,137,0,post_flip,price_usd,2,1,1,1,1,0,"s4_contradiction,s4_contradiction,s4_contradiction,s4_contradiction,s4_contradiction,s4_contradiction,s4_contradiction,s4_contradiction,s4_contradiction,s4_contradiction",Annual subscription is $499.,efe_real,5d38734a,arousal_real,5d38734a
post-0054-137,137,0,post_flip,launch_date,2,2,1,1,1,0,"s4_contradiction,s4_contradiction,s4_contradiction,s4_contradiction,s4_contradiction,s4_contradiction,s4_contradiction,s4_contradiction,s4_contradiction,s4_contradiction",The product launches on 2026-06-01.,efe_real,cf50ae39,arousal_real,cf50ae39
post-0055-137,137,0,post_flip,conference_city,2,2,1,1,1,0,"s4_contradiction,s4_contradiction,s4_contradiction,s4_contradiction,s4_contradiction,s4_contradiction,s4_contradiction,s4_contradiction,s4_contradiction,s4_contradiction",Annual conference will be in Berlin.,efe_real,43730606,arousal_real,43730606
post-0056-137,137,0,post_flip,conference_city,2,2,1,1,1,0,"s4_contradiction,s4_contradiction,s4_contradiction,s4_contradiction,s4_contradiction,s4_contradiction,s4_contradiction,s4_contradiction,s4_contradiction,s4_contradiction",Annual conference will be in Berlin.,efe_real,43730606,arousal_real,43730606
post-0057-137,137,0,post_flip,api_version,1,1,1,1,1,0,"s4_contradiction,s4_contradiction,s4_contradiction,s4_contradiction,s4_contradiction,s4_contradiction,s4_contradiction,s4_contradiction,s4_contradiction,s4_contradiction",API rolled forward to version 3.0.,efe_real,3d6dc512,arousal_real,3d6dc512
post-0058-137,137,0,post_flip,conference_city,2,2,1,1,1,0,"s4_contradiction,s4_contradiction,s4_contradiction,s4_contradiction,s4_contradiction,s4_contradiction,s4_contradiction,s4_contradiction,s4_contradiction,s4_contradiction",Annual conference will be in Berlin.,efe_real,43730606,arousal_real,43730606
post-0059-137,137,0,post_flip,hq_city,2,2,1,1,1,0,"s4_contradiction,s4_contradiction,s4_contradiction,s4_contradiction,s4_contradiction,s4_contradiction,s4_contradiction,s4_contradiction,s4_contradiction,s4_contradiction","Headquarters in Austin, Texas.",efe_real,73484533,arousal_real,73484533
post-0060-137,137,0,post_flip,api_version,1,1,1,1,1,0,"s4_contradiction,s4_contradiction,s4_contradiction,s4_contradiction,s4_contradiction,s4_contradiction,s4_contradiction,s4_contradiction,s4_contradiction,s4_contradiction",API rolled forward to version 3.0.,efe_real,3d6dc512,arousal_real,3d6dc512
post-0061-137,137,0,post_flip,dependency_lib,2,2,1,1,1,0,"s4_contradiction,s4_contradiction,s4_contradiction,s4_contradiction,s4_contradiction,s4_contradiction,s4_contradiction,s4_contradiction,s4_contradiction,s4_contradiction",We use OpenSSL for crypto.,efe_real,3d3d7ff7,arousal_real,3d3d7ff7
post-0062-137,137,0,post_flip,budget_ceiling,2,2,1,1,1,0,"s4_contradiction,s4_contradiction,s4_contradiction,s4_contradiction,s4_contradiction,s4_contradiction,s4_contradiction,s4_contradiction,s4_contradiction,s4_contradiction",Q3 budget ceiling is $50k.,efe_shadow,9271141b,arousal_shadow,9271141b
post-0063-137,137,0,post_flip,api_version,1,1,1,1,1,0,"s4_contradiction,s4_contradiction,s4_contradiction,s4_contradiction,s4_contradiction,s4_contradiction,s4_contradiction,s4_contradiction,s4_contradiction,s4_contradiction",API rolled forward to version 3.0.,efe_real,3d6dc512,arousal_real,3d6dc512
post-0064-137,137,0,post_flip,dependency_lib,2,2,1,1,1,0,"s4_contradiction,s4_contradiction,s4_contradiction,s4_contradiction,s4_contradiction,s4_contradiction,s4_contradiction,s4_contradiction,s4_contradiction,s4_contradiction",We use OpenSSL for crypto.,efe_real,3d3d7ff7,arousal_real,3d3d7ff7
post-0065-137,137,0,post_flip,supplier_name,2,2,1,1,1,0,"s4_contradiction,s4_contradiction,s4_contradiction,s4_contradiction,s4_contradiction,s4_contradiction,s4_contradiction,s4_contradiction,s4_contradiction,s4_contradiction",We source components from Acme Industries.,efe_shadow,304e2924,arousal_shadow,304e2924
post-0066-137,137,0,post_flip,ceo_name,1,1,1,1,1,0,"s4_contradiction,s4_contradiction,s4_contradiction,s4_contradiction,s4_contradiction,s4_contradiction,s4_contradiction,s4_contradiction,s4_contradiction,s4_contradiction",Update: the actual CEO is Marcus Chen.,efe_real,75575679,arousal_real,75575679
post-0067-137,137,0,post_flip,launch_date,2,2,1,1,1,0,"s4_contradiction,s4_contradiction,s4_contradiction,s4_contradiction,s4_contradiction,s4_contradiction,s4_contradiction,s4_contradiction,s4_contradiction,s4_contradiction",The product launches on 2026-06-01.,efe_real,cf50ae39,arousal_real,cf50ae39
post-0068-137,137,0,post_flip,conference_city,2,2,1,1,1,0,"s4_contradiction,s4_contradiction,s4_contradiction,s4_contradiction,s4_contradiction,s4_contradiction,s4_contradiction,s4_contradiction,s4_contradiction,s4_contradiction",Annual conference will be in Berlin.,efe_real,43730606,arousal_real,43730606
post-0069-137,137,0,post_flip,launch_date,2,2,1,1,1,0,"s4_contradiction,s4_contradiction,s4_contradiction,s4_contradiction,s4_contradiction,s4_contradiction,s4_contradiction,s4_contradiction,s4_contradiction,s4_contradiction",The product launches on 2026-06-01.,efe_real,cf50ae39,arousal_real,cf50ae39
post-0070-137,137,0,post_flip,api_version,1,1,1,1,1,0,"s4_contradiction,s4_contradiction,s4_contradiction,s4_contradiction,s4_contradiction,s4_contradiction,s4_contradiction,s4_contradiction,s4_contradiction,s4_contradiction",API rolled forward to version 3.0.,efe_real,3d6dc512,arousal_real,3d6dc512
post-0071-137,137,0,post_flip,bug_fix_eta,2,2,1,1,1,0,"s4_contradiction,s4_contradiction,s4_contradiction,s4_contradiction,s4_contradiction,s4_contradiction,s4_contradiction,s4_contradiction,s4_contradiction,s4_contradiction",The fix ships in week 14.,efe_shadow,30693469,arousal_shadow,30693469
post-0072-137,137,0,post_flip,bug_fix_eta,2,2,1,1,1,0,"s4_contradiction,s4_contradiction,s4_contradiction,s4_contradiction,s4_contradiction,s4_contradiction,s4_contradiction,s4_contradiction,s4_contradiction,s4_contradiction",The fix ships in week 14.,efe_shadow,30693469,arousal_shadow,30693469
post-0073-137,137,0,post_flip,price_usd,2,1,1,1,1,0,"s4_contradiction,s4_contradiction,s4_contradiction,s4_contradiction,s4_contradiction,s4_contradiction,s4_contradiction,s4_contradiction,s4_contradiction,s4_contradiction",Annual subscription is $499.,efe_real,5d38734a,arousal_real,5d38734a
post-0074-137,137,0,post_flip,conference_city,2,2,1,1,1,0,"s4_contradiction,s4_contradiction,s4_contradiction,s4_contradiction,s4_contradiction,s4_contradiction,s4_contradiction,s4_contradiction,s4_contradiction,s4_contradiction",Annual conference will be in Berlin.,efe_real,43730606,arousal_real,43730606
post-0075-137,137,0,post_flip,api_version,1,1,1,1,1,0,"s4_contradiction,s4_contradiction,s4_contradiction,s4_contradiction,s4_contradiction,s4_contradiction,s4_contradiction,s4_contradiction,s4_contradiction,s4_contradiction",API rolled forward to version 3.0.,efe_real,3d6dc512,arousal_real,3d6dc512
post-0076-137,137,0,post_flip,api_version,1,1,1,1,1,0,"s4_contradiction,s4_contradiction,s4_contradiction,s4_contradiction,s4_contradiction,s4_contradiction,s4_contradiction,s4_contradiction,s4_contradiction,s4_contradiction",API rolled forward to version 3.0.,efe_real,3d6dc512,arousal_real,3d6dc512
post-0077-137,137,0,post_flip,budget_ceiling,2,2,1,1,1,0,"s4_contradiction,s4_contradiction,s4_contradiction,s4_contradiction,s4_contradiction,s4_contradiction,s4_contradiction,s4_contradiction,s4_contradiction,s4_contradiction",Q3 budget ceiling is $50k.,efe_shadow,9271141b,arousal_shadow,9271141b
post-0078-137,137,0,post_flip,budget_ceiling,2,2,1,1,1,0,"s4_contradiction,s4_contradiction,s4_contradiction,s4_contradiction,s4_contradiction,s4_contradiction,s4_contradiction,s4_contradiction,s4_contradiction,s4_contradiction",Q3 budget ceiling is $50k.,efe_shadow,9271141b,arousal_shadow,9271141b
post-0079-137,137,0,post_flip,launch_date,2,2,1,1,1,0,"s4_contradiction,s4_contradiction,s4_contradiction,s4_contradiction,s4_contradiction,s4_contradiction,s4_contradiction,s4_contradiction,s4_contradiction,s4_contradiction",The product launches on 2026-06-01.,efe_real,cf50ae39,arousal_real,cf50ae39
post-0080-137,137,0,post_flip,conference_city,2,2,1,1,1,0,"s4_contradiction,s4_contradiction,s4_contradiction,s4_contradiction,s4_contradiction,s4_contradiction,s4_contradiction,s4_contradiction,s4_contradiction,s4_contradiction",Annual conference will be in Berlin.,efe_real,43730606,arousal_real,43730606
post-0081-137,137,0,post_flip,ceo_name,1,1,1,1,1,0,"s4_contradiction,s4_contradiction,s4_contradiction,s4_contradiction,s4_contradiction,s4_contradiction,s4_contradiction,s4_contradiction,s4_contradiction,s4_contradiction",Update: the actual CEO is Marcus Chen.,efe_real,75575679,arousal_real,75575679
post-0082-137,137,0,post_flip,dependency_lib,2,2,1,1,1,0,"s4_contradiction,s4_contradiction,s4_contradiction,s4_contradiction,s4_contradiction,s4_contradiction,s4_contradiction,s4_contradiction,s4_contradiction,s4_contradiction",We use OpenSSL for crypto.,efe_real,3d3d7ff7,arousal_real,3d3d7ff7
post-0083-137,137,0,post_flip,price_usd,2,1,1,1,1,0,"s4_contradiction,s4_contradiction,s4_contradiction,s4_contradiction,s4_contradiction,s4_contradiction,s4_contradiction,s4_contradiction,s4_contradiction,s4_contradiction",Annual subscription is $499.,efe_real,5d38734a,arousal_real,5d38734a
post-0084-137,137,0,post_flip,launch_date,2,2,1,1,1,0,"s4_contradiction,s4_contradiction,s4_contradiction,s4_contradiction,s4_contradiction,s4_contradiction,s4_contradiction,s4_contradiction,s4_contradiction,s4_contradiction",The product launches on 2026-06-01.,efe_real,cf50ae39,arousal_real,cf50ae39
post-0085-137,137,0,post_flip,api_version,1,1,1,1,1,0,"s4_contradiction,s4_contradiction,s4_contradiction,s4_contradiction,s4_contradiction,s4_contradiction,s4_contradiction,s4_contradiction,s4_contradiction,s4_contradiction",API rolled forward to version 3.0.,efe_real,3d6dc512,arousal_real,3d6dc512
post-0086-137,137,0,post_flip,budget_ceiling,2,2,1,1,1,0,"s4_contradiction,s4_contradiction,s4_contradiction,s4_contradiction,s4_contradiction,s4_contradiction,s4_contradiction,s4_contradiction,s4_contradiction,s4_contradiction",Q3 budget ceiling is $50k.,efe_shadow,9271141b,arousal_shadow,9271141b
post-0087-137,137,0,post_flip,conference_city,2,2,1,1,1,0,"s4_contradiction,s4_contradiction,s4_contradiction,s4_contradiction,s4_contradiction,s4_contradiction,s4_contradiction,s4_contradiction,s4_contradiction,s4_contradiction",Annual conference will be in Berlin.,efe_real,43730606,arousal_real,43730606
post-0088-137,137,0,post_flip,bug_fix_eta,2,2,1,1,1,0,"s4_contradiction,s4_contradiction,s4_contradiction,s4_contradiction,s4_contradiction,s4_contradiction,s4_contradiction,s4_contradiction,s4_contradiction,s4_contradiction",The fix ships in week 14.,efe_shadow,30693469,arousal_shadow,30693469
post-0089-137,137,0,post_flip,launch_date,2,2,1,1,1,0,"s4_contradiction,s4_contradiction,s4_contradiction,s4_contradiction,s4_contradiction,s4_contradiction,s4_contradiction,s4_contradiction,s4_contradiction,s4_contradiction",The product launches on 2026-06-01.,efe_real,cf50ae39,arousal_real,cf50ae39
post-0090-137,137,0,post_flip,price_usd,2,1,1,1,1,0,"s4_contradiction,s4_contradiction,s4_contradiction,s4_contradiction,s4_contradiction,s4_contradiction,s4_contradiction,s4_contradiction,s4_contradiction,s4_contradiction",Annual subscription is $499.,efe_real,5d38734a,arousal_real,5d38734a
post-0091-137,137,0,post_flip,price_usd,2,1,1,1,1,0,"s4_contradiction,s4_contradiction,s4_contradiction,s4_contradiction,s4_contradiction,s4_contradiction,s4_contradiction,s4_contradiction,s4_contradiction,s4_contradiction",Annual subscription is $499.,efe_real,5d38734a,arousal_real,5d38734a
post-0092-137,137,0,post_flip,budget_ceiling,2,2,1,1,1,0,"s4_contradiction,s4_contradiction,s4_contradiction,s4_contradiction,s4_contradiction,s4_contradiction,s4_contradiction,s4_contradiction,s4_contradiction,s4_contradiction",Q3 budget ceiling is $50k.,efe_shadow,9271141b,arousal_shadow,9271141b
post-0093-137,137,0,post_flip,dependency_lib,2,2,1,1,1,0,"s4_contradiction,s4_contradiction,s4_contradiction,s4_contradiction,s4_contradiction,s4_contradiction,s4_contradiction,s4_contradiction,s4_contradiction,s4_contradiction",We use OpenSSL for crypto.,efe_real,3d3d7ff7,arousal_real,3d3d7ff7
post-0094-137,137,0,post_flip,bug_fix_eta,2,2,1,1,1,0,"s4_contradiction,s4_contradiction,s4_contradiction,s4_contradiction,s4_contradiction,s4_contradiction,s4_contradiction,s4_contradiction,s4_contradiction,s4_contradiction",The fix ships in week 14.,efe_shadow,30693469,arousal_shadow,30693469
post-0095-137,137,0,post_flip,dependency_lib,2,2,1,1,1,0,"s4_contradiction,s4_contradiction,s4_contradiction,s4_contradiction,s4_contradiction,s4_contradiction,s4_contradiction,s4_contradiction,s4_contradiction,s4_contradiction",We use OpenSSL for crypto.,efe_real,3d3d7ff7,arousal_real,3d3d7ff7
post-0096-137,137,0,post_flip,api_version,1,1,1,1,1,0,"s4_contradiction,s4_contradiction,s4_contradiction,s4_contradiction,s4_contradiction,s4_contradiction,s4_contradiction,s4_contradiction,s4_contradiction,s4_contradiction",API rolled forward to version 3.0.,efe_real,3d6dc512,arousal_real,3d6dc512
post-0097-137,137,0,post_flip,hq_city,2,2,1,1,1,0,"s4_contradiction,s4_contradiction,s4_contradiction,s4_contradiction,s4_contradiction,s4_contradiction,s4_contradiction,s4_contradiction,s4_contradiction,s4_contradiction","Headquarters in Austin, Texas.",efe_real,73484533,arousal_real,73484533
post-0098-137,137,0,post_flip,api_version,1,1,1,1,1,0,"s4_contradiction,s4_contradiction,s4_contradiction,s4_contradiction,s4_contradiction,s4_contradiction,s4_contradiction,s4_contradiction,s4_contradiction,s4_contradiction",API rolled forward to version 3.0.,efe_real,3d6dc512,arousal_real,3d6dc512
post-0099-137,137,0,post_flip,launch_date,2,2,1,1,1,0,"s4_contradiction,s4_contradiction,s4_contradiction,s4_contradiction,s4_contradiction,s4_contradiction,s4_contradiction,s4_contradiction,s4_contradiction,s4_contradiction",The product launches on 2026-06-01.,efe_real,cf50ae39,arousal_real,cf50ae39
post-0100-137,137,0,post_flip,conference_city,2,2,1,1,1,0,"s4_contradiction,s4_contradiction,s4_contradiction,s4_contradiction,s4_contradiction,s4_contradiction,s4_contradiction,s4_contradiction,s4_contradiction,s4_contradiction",Annual conference will be in Berlin.,efe_real,43730606,arousal_real,43730606
post-0101-137,137,0,post_flip,bug_fix_eta,2,2,1,1,1,0,"s4_contradiction,s4_contradiction,s4_contradiction,s4_contradiction,s4_contradiction,s4_contradiction,s4_contradiction,s4_contradiction,s4_contradiction,s4_contradiction",The fix ships in week 14.,efe_shadow,30693469,arousal_shadow,30693469
post-0102-137,137,0,post_flip,supplier_name,2,2,1,1,1,0,"s4_contradiction,s4_contradiction,s4_contradiction,s4_contradiction,s4_contradiction,s4_contradiction,s4_contradiction,s4_contradiction,s4_contradiction,s4_contradiction",We source components from Acme Industries.,efe_shadow,304e2924,arousal_shadow,304e2924
post-0103-137,137,0,post_flip,bug_fix_eta,2,2,1,1,1,0,"s4_contradiction,s4_contradiction,s4_contradiction,s4_contradiction,s4_contradiction,s4_contradiction,s4_contradiction,s4_contradiction,s4_contradiction,s4_contradiction",The fix ships in week 14.,efe_shadow,30693469,arousal_shadow,30693469
post-0104-137,137,0,post_flip,conference_city,2,2,1,1,1,0,"s4_contradiction,s4_contradiction,s4_contradiction,s4_contradiction,s4_contradiction,s4_contradiction,s4_contradiction,s4_contradiction,s4_contradiction,s4_contradiction",Annual conference will be in Berlin.,efe_real,43730606,arousal_real,43730606
post-0105-137,137,0,post_flip,dependency_lib,2,2,1,1,1,0,"s4_contradiction,s4_contradiction,s4_contradiction,s4_contradiction,s4_contradiction,s4_contradiction,s4_contradiction,s4_contradiction,s4_contradiction,s4_contradiction",We use OpenSSL for crypto.,efe_real,3d3d7ff7,arousal_real,3d3d7ff7
post-0106-137,137,0,post_flip,launch_date,2,2,1,1,1,0,"s4_contradiction,s4_contradiction,s4_contradiction,s4_contradiction,s4_contradiction,s4_contradiction,s4_contradiction,s4_contradiction,s4_contradiction,s4_contradiction",The product launches on 2026-06-01.,efe_real,cf50ae39,arousal_real,cf50ae39
post-0107-137,137,0,post_flip,ceo_name,1,1,1,1,1,0,"s4_contradiction,s4_contradiction,s4_contradiction,s4_contradiction,s4_contradiction,s4_contradiction,s4_contradiction,s4_contradiction,s4_contradiction,s4_contradiction",Update: the actual CEO is Marcus Chen.,efe_real,75575679,arousal_real,75575679
post-0108-137,137,0,post_flip,bug_fix_eta,2,2,1,1,1,0,"s4_contradiction,s4_contradiction,s4_contradiction,s4_contradiction,s4_contradiction,s4_contradiction,s4_contradiction,s4_contradiction,s4_contradiction,s4_contradiction",The fix ships in week 14.,efe_shadow,30693469,arousal_shadow,30693469
post-0109-137,137,0,post_flip,supplier_name,2,2,1,1,1,0,"s4_contradiction,s4_contradiction,s4_contradiction,s4_contradiction,s4_contradiction,s4_contradiction,s4_contradiction,s4_contradiction,s4_contradiction,s4_contradiction",We source components from Acme Industries.,efe_shadow,304e2924,arousal_shadow,304e2924
post-0110-137,137,0,post_flip,supplier_name,2,2,1,1,1,0,"s4_contradiction,s4_contradiction,s4_contradiction,s4_contradiction,s4_contradiction,s4_contradiction,s4_contradiction,s4_contradiction,s4_contradiction,s4_contradiction",We source components from Acme Industries.,efe_shadow,304e2924,arousal_shadow,304e2924
post-0111-137,137,0,post_flip,supplier_name,2,2,1,1,1,0,"s4_contradiction,s4_contradiction,s4_contradiction,s4_contradiction,s4_contradiction,s4_contradiction,s4_contradiction,s4_contradiction,s4_contradiction,s4_contradiction",We source components from Acme Industries.,efe_shadow,304e2924,arousal_shadow,304e2924
post-0112-137,137,0,post_flip,bug_fix_eta,2,2,1,1,1,0,"s4_contradiction,s4_contradiction,s4_contradiction,s4_contradiction,s4_contradiction,s4_contradiction,s4_contradiction,s4_contradiction,s4_contradiction,s4_contradiction",The fix ships in week 14.,efe_shadow,30693469,arousal_shadow,30693469
post-0113-137,137,0,post_flip,launch_date,2,2,1,1,1,0,"s4_contradiction,s4_contradiction,s4_contradiction,s4_contradiction,s4_contradiction,s4_contradiction,s4_contradiction,s4_contradiction,s4_contradiction,s4_contradiction",The product launches on 2026-06-01.,efe_real,cf50ae39,arousal_real,cf50ae39
post-0114-137,137,0,post_flip,supplier_name,2,2,1,1,1,0,"s4_contradiction,s4_contradiction,s4_contradiction,s4_contradiction,s4_contradiction,s4_contradiction,s4_contradiction,s4_contradiction,s4_contradiction,s4_contradiction",We source components from Acme Industries.,efe_shadow,304e2924,arousal_shadow,304e2924
post-0115-137,137,0,post_flip,launch_date,2,2,1,1,1,0,"s4_contradiction,s4_contradiction,s4_contradiction,s4_contradiction,s4_contradiction,s4_contradiction,s4_contradiction,s4_contradiction,s4_contradiction,s4_contradiction",The product launches on 2026-06-01.,efe_real,cf50ae39,arousal_real,cf50ae39
post-0116-137,137,0,post_flip,conference_city,2,2,1,1,1,0,"s4_contradiction,s4_contradiction,s4_contradiction,s4_contradiction,s4_contradiction,s4_contradiction,s4_contradiction,s4_contradiction,s4_contradiction,s4_contradiction",Annual conference will be in Berlin.,efe_real,43730606,arousal_real,43730606
post-0117-137,137,0,post_flip,conference_city,2,2,1,1,1,0,"s4_contradiction,s4_contradiction,s4_contradiction,s4_contradiction,s4_contradiction,s4_contradiction,s4_contradiction,s4_contradiction,s4_contradiction,s4_contradiction",Annual conference will be in Berlin.,efe_real,43730606,arousal_real,43730606
post-0118-137,137,0,post_flip,ceo_name,1,1,1,1,1,0,"s4_contradiction,s4_contradiction,s4_contradiction,s4_contradiction,s4_contradiction,s4_contradiction,s4_contradiction,s4_contradiction,s4_contradiction,s4_contradiction",Update: the actual CEO is Marcus Chen.,efe_real,75575679,arousal_real,75575679
post-0119-137,137,0,post_flip,supplier_name,2,2,1,1,1,0,"s4_contradiction,s4_contradiction,s4_contradiction,s4_contradiction,s4_contradiction,s4_contradiction,s4_contradiction,s4_contradiction,s4_contradiction,s4_contradiction",We source components from Acme Industries.,efe_shadow,304e2924,arousal_shadow,304e2924
post-0120-137,137,0,post_flip,bug_fix_eta,2,2,1,1,1,0,"s4_contradiction,s4_contradiction,s4_contradiction,s4_contradiction,s4_contradiction,s4_contradiction,s4_contradiction,s4_contradiction,s4_contradiction,s4_contradiction",The fix ships in week 14.,efe_shadow,30693469,arousal_shadow,30693469
post-0121-137,137,0,post_flip,dependency_lib,2,2,1,1,1,0,"s4_contradiction,s4_contradiction,s4_contradiction,s4_contradiction,s4_contradiction,s4_contradiction,s4_contradiction,s4_contradiction,s4_contradiction,s4_contradiction",We use OpenSSL for crypto.,efe_real,3d3d7ff7,arousal_real,3d3d7ff7
post-0122-137,137,0,post_flip,supplier_name,2,2,1,1,1,0,"s4_contradiction,s4_contradiction,s4_contradiction,s4_contradiction,s4_contradiction,s4_contradiction,s4_contradiction,s4_contradiction,s4_contradiction,s4_contradiction",We source components from Acme Industries.,efe_shadow,304e2924,arousal_shadow,304e2924
post-0123-137,137,0,post_flip,ceo_name,1,1,1,1,1,0,"s4_contradiction,s4_contradiction,s4_contradiction,s4_contradiction,s4_contradiction,s4_contradiction,s4_contradiction,s4_contradiction,s4_contradiction,s4_contradiction",Update: the actual CEO is Marcus Chen.,efe_real,75575679,arousal_real,75575679
post-0124-137,137,0,post_flip,bug_fix_eta,2,2,1,1,1,0,"s4_contradiction,s4_contradiction,s4_contradiction,s4_contradiction,s4_contradiction,s4_contradiction,s4_contradiction,s4_contradiction,s4_contradiction,s4_contradiction",The fix ships in week 14.,efe_shadow,30693469,arousal_shadow,30693469
post-0125-137,137,0,post_flip,ceo_name,1,1,1,1,1,0,"s4_contradiction,s4_contradiction,s4_contradiction,s4_contradiction,s4_contradiction,s4_contradiction,s4_contradiction,s4_contradiction,s4_contradiction,s4_contradiction",Update: the actual CEO is Marcus Chen.,efe_real,75575679,arousal_real,75575679
post-0126-137,137,0,post_flip,api_version,1,1,1,1,1,0,"s4_contradiction,s4_contradiction,s4_contradiction,s4_contradiction,s4_contradiction,s4_contradiction,s4_contradiction,s4_contradiction,s4_contradiction,s4_contradiction",API rolled forward to version 3.0.,efe_real,3d6dc512,arousal_real,3d6dc512
post-0127-137,137,0,post_flip,ceo_name,1,1,1,1,1,0,"s4_contradiction,s4_contradiction,s4_contradiction,s4_contradiction,s4_contradiction,s4_contradiction,s4_contradiction,s4_contradiction,s4_contradiction,s4_contradiction",Update: the actual CEO is Marcus Chen.,efe_real,75575679,arousal_real,75575679
post-0128-137,137,0,post_flip,supplier_name,2,2,1,1,1,0,"s4_contradiction,s4_contradiction,s4_contradiction,s4_contradiction,s4_contradiction,s4_contradiction,s4_contradiction,s4_contradiction,s4_contradiction,s4_contradiction",We source components from Acme Industries.,efe_shadow,304e2924,arousal_shadow,304e2924
post-0129-137,137,0,post_flip,api_version,1,1,1,1,1,0,"s4_contradiction,s4_contradiction,s4_contradiction,s4_contradiction,s4_contradiction,s4_contradiction,s4_contradiction,s4_contradiction,s4_contradiction,s4_contradiction",API rolled forward to version 3.0.,efe_real,3d6dc512,arousal_real,3d6dc512
post-0130-137,137,0,post_flip,hq_city,2,2,1,1,1,0,"s4_contradiction,s4_contradiction,s4_contradiction,s4_contradiction,s4_contradiction,s4_contradiction,s4_contradiction,s4_contradiction,s4_contradiction,s4_contradiction","Headquarters in Austin, Texas.",efe_real,73484533,arousal_real,73484533
post-0131-137,137,0,post_flip,api_version,1,1,1,1,1,0,"s4_contradiction,s4_contradiction,s4_contradiction,s4_contradiction,s4_contradiction,s4_contradiction,s4_contradiction,s4_contradiction,s4_contradiction,s4_contradiction",API rolled forward to version 3.0.,efe_real,3d6dc512,arousal_real,3d6dc512
post-0132-137,137,0,post_flip,budget_ceiling,2,2,1,1,1,0,"s4_contradiction,s4_contradiction,s4_contradiction,s4_contradiction,s4_contradiction,s4_contradiction,s4_contradiction,s4_contradiction,s4_contradiction,s4_contradiction",Q3 budget ceiling is $50k.,efe_shadow,9271141b,arousal_shadow,9271141b
post-0133-137,137,0,post_flip,conference_city,2,2,1,1,1,0,"s4_contradiction,s4_contradiction,s4_contradiction,s4_contradiction,s4_contradiction,s4_contradiction,s4_contradiction,s4_contradiction,s4_contradiction,s4_contradiction",Annual conference will be in Berlin.,efe_real,43730606,arousal_real,43730606
post-0134-137,137,0,post_flip,dependency_lib,2,2,1,1,1,0,"s4_contradiction,s4_contradiction,s4_contradiction,s4_contradiction,s4_contradiction,s4_contradiction,s4_contradiction,s4_contradiction,s4_contradiction,s4_contradiction",We use OpenSSL for crypto.,efe_real,3d3d7ff7,arousal_real,3d3d7ff7
post-0135-137,137,0,post_flip,hq_city,2,2,1,1,1,0,"s4_contradiction,s4_contradiction,s4_contradiction,s4_contradiction,s4_contradiction,s4_contradiction,s4_contradiction,s4_contradiction,s4_contradiction,s4_contradiction","Headquarters in Austin, Texas.",efe_real,73484533,arousal_real,73484533
post-0136-137,137,0,post_flip,launch_date,2,2,1,1,1,0,"s4_contradiction,s4_contradiction,s4_contradiction,s4_contradiction,s4_contradiction,s4_contradiction,s4_contradiction,s4_contradiction,s4_contradiction,s4_contradiction",The product launches on 2026-06-01.,efe_real,cf50ae39,arousal_real,cf50ae39
post-0137-137,137,0,post_flip,ceo_name,1,1,1,1,1,0,"s4_contradiction,s4_contradiction,s4_contradiction,s4_contradiction,s4_contradiction,s4_contradiction,s4_contradiction,s4_contradiction,s4_contradiction,s4_contradiction",Update: the actual CEO is Marcus Chen.,efe_real,75575679,arousal_real,75575679
post-0138-137,137,0,post_flip,hq_city,2,2,1,1,1,0,"s4_contradiction,s4_contradiction,s4_contradiction,s4_contradiction,s4_contradiction,s4_contradiction,s4_contradiction,s4_contradiction,s4_contradiction,s4_contradiction","Headquarters in Austin, Texas.",efe_real,73484533,arousal_real,73484533
post-0139-137,137,0,post_flip,budget_ceiling,2,2,1,1,1,0,"s4_contradiction,s4_contradiction,s4_contradiction,s4_contradiction,s4_contradiction,s4_contradiction,s4_contradiction,s4_contradiction,s4_contradiction,s4_contradiction",Q3 budget ceiling is $50k.,efe_shadow,9271141b,arousal_shadow,9271141b
post-0140-137,137,0,post_flip,supplier_name,2,2,1,1,1,0,"s4_contradiction,s4_contradiction,s4_contradiction,s4_contradiction,s4_contradiction,s4_contradiction,s4_contradiction,s4_contradiction,s4_contradiction,s4_contradiction",We source components from Acme Industries.,efe_shadow,304e2924,arousal_shadow,304e2924
post-0141-137,137,0,post_flip,hq_city,2,2,1,1,1,0,"s4_contradiction,s4_contradiction,s4_contradiction,s4_contradiction,s4_contradiction,s4_contradiction,s4_contradiction,s4_contradiction,s4_contradiction,s4_contradiction","Headquarters in Austin, Texas.",efe_real,73484533,arousal_real,73484533
post-0142-137,137,0,post_flip,ceo_name,1,1,1,1,1,0,"s4_contradiction,s4_contradiction,s4_contradiction,s4_contradiction,s4_contradiction,s4_contradiction,s4_contradiction,s4_contradiction,s4_contradiction,s4_contradiction",Update: the actual CEO is Marcus Chen.,efe_real,75575679,arousal_real,75575679
post-0143-137,137,0,post_flip,price_usd,2,1,1,1,1,0,"s4_contradiction,s4_contradiction,s4_contradiction,s4_contradiction,s4_contradiction,s4_contradiction,s4_contradiction,s4_contradiction,s4_contradiction,s4_contradiction",Annual subscription is $499.,efe_real,5d38734a,arousal_real,5d38734a
post-0144-137,137,0,post_flip,budget_ceiling,2,2,1,1,1,0,"s4_contradiction,s4_contradiction,s4_contradiction,s4_contradiction,s4_contradiction,s4_contradiction,s4_contradiction,s4_contradiction,s4_contradiction,s4_contradiction",Q3 budget ceiling is $50k.,efe_shadow,9271141b,arousal_shadow,9271141b
post-0145-137,137,0,post_flip,launch_date,2,2,1,1,1,0,"s4_contradiction,s4_contradiction,s4_contradiction,s4_contradiction,s4_contradiction,s4_contradiction,s4_contradiction,s4_contradiction,s4_contradiction,s4_contradiction",The product launches on 2026-06-01.,efe_real,cf50ae39,arousal_real,cf50ae39
post-0146-137,137,0,post_flip,supplier_name,2,2,1,1,1,0,"s4_contradiction,s4_contradiction,s4_contradiction,s4_contradiction,s4_contradiction,s4_contradiction,s4_contradiction,s4_contradiction,s4_contradiction,s4_contradiction",We source components from Acme Industries.,efe_shadow,304e2924,arousal_shadow,304e2924
post-0147-137,137,0,post_flip,dependency_lib,2,2,1,1,1,0,"s4_contradiction,s4_contradiction,s4_contradiction,s4_contradiction,s4_contradiction,s4_contradiction,s4_contradiction,s4_contradiction,s4_contradiction,s4_contradiction",We use OpenSSL for crypto.,efe_real,3d3d7ff7,arousal_real,3d3d7ff7
post-0148-137,137,0,post_flip,conference_city,2,2,1,1,1,0,"s4_contradiction,s4_contradiction,s4_contradiction,s4_contradiction,s4_contradiction,s4_contradiction,s4_contradiction,s4_contradiction,s4_contradiction,s4_contradiction",Annual conference will be in Berlin.,efe_real,43730606,arousal_real,43730606
post-0149-137,137,0,post_flip,dependency_lib,2,2,1,1,1,0,"s4_contradiction,s4_contradiction,s4_contradiction,s4_contradiction,s4_contradiction,s4_contradiction,s4_contradiction,s4_contradiction,s4_contradiction,s4_contradiction",We use OpenSSL for crypto.,efe_real,3d3d7ff7,arousal_real,3d3d7ff7
post-0000-137,137,1,post_flip,api_version,1,1,1,1,1,0,"s4_contradiction,s4_contradiction,s4_contradiction,s4_contradiction,s4_contradiction,s4_contradiction,s4_contradiction,s4_contradiction,s4_contradiction,s4_contradiction",API rolled forward to version 3.0.,efe_real,3d6dc512,arousal_real,3d6dc512
post-0001-137,137,1,post_flip,launch_date,2,2,1,1,1,0,"s4_contradiction,s4_contradiction,s4_contradiction,s4_contradiction,s4_contradiction,s4_contradiction,s4_contradiction,s4_contradiction,s4_contradiction,s4_contradiction",The product launches on 2026-06-01.,efe_real,cf50ae39,arousal_real,cf50ae39
post-0002-137,137,1,post_flip,dependency_lib,2,2,1,1,1,0,"s4_contradiction,s4_contradiction,s4_contradiction,s4_contradiction,s4_contradiction,s4_contradiction,s4_contradiction,s4_contradiction,s4_contradiction,s4_contradiction",We use OpenSSL for crypto.,efe_real,3d3d7ff7,arousal_real,3d3d7ff7
post-0003-137,137,1,post_flip,supplier_name,2,2,1,1,1,0,"s4_contradiction,s4_contradiction,s4_contradiction,s4_contradiction,s4_contradiction,s4_contradiction,s4_contradiction,s4_contradiction,s4_contradiction,s4_contradiction",We source components from Acme Industries.,efe_shadow,304e2924,arousal_shadow,304e2924
post-0004-137,137,1,post_flip,dependency_lib,2,2,1,1,1,0,"s4_contradiction,s4_contradiction,s4_contradiction,s4_contradiction,s4_contradiction,s4_contradiction,s4_contradiction,s4_contradiction,s4_contradiction,s4_contradiction",We use OpenSSL for crypto.,efe_real,3d3d7ff7,arousal_real,3d3d7ff7
post-0005-137,137,1,post_flip,ceo_name,1,1,1,1,1,0,"s4_contradiction,s4_contradiction,s4_contradiction,s4_contradiction,s4_contradiction,s4_contradiction,s4_contradiction,s4_contradiction,s4_contradiction,s4_contradiction",Update: the actual CEO is Marcus Chen.,efe_real,75575679,arousal_real,75575679
post-0006-137,137,1,post_flip,api_version,1,1,1,1,1,0,"s4_contradiction,s4_contradiction,s4_contradiction,s4_contradiction,s4_contradiction,s4_contradiction,s4_contradiction,s4_contradiction,s4_contradiction,s4_contradiction",API rolled forward to version 3.0.,efe_real,3d6dc512,arousal_real,3d6dc512
post-0007-137,137,1,post_flip,launch_date,2,2,1,1,1,0,"s4_contradiction,s4_contradiction,s4_contradiction,s4_contradiction,s4_contradiction,s4_contradiction,s4_contradiction,s4_contradiction,s4_contradiction,s4_contradiction",The product launches on 2026-06-01.,efe_real,cf50ae39,arousal_real,cf50ae39
post-0008-137,137,1,post_flip,dependency_lib,2,2,1,1,1,0,"s4_contradiction,s4_contradiction,s4_contradiction,s4_contradiction,s4_contradiction,s4_contradiction,s4_contradiction,s4_contradiction,s4_contradiction,s4_contradiction",We use OpenSSL for crypto.,efe_real,3d3d7ff7,arousal_real,3d3d7ff7
post-0009-137,137,1,post_flip,dependency_lib,2,2,1,1,1,0,"s4_contradiction,s4_contradiction,s4_contradiction,s4_contradiction,s4_contradiction,s4_contradiction,s4_contradiction,s4_contradiction,s4_contradiction,s4_contradiction",We use OpenSSL for crypto.,efe_real,3d3d7ff7,arousal_real,3d3d7ff7
post-0010-137,137,1,post_flip,dependency_lib,2,2,1,1,1,0,"s4_contradiction,s4_contradiction,s4_contradiction,s4_contradiction,s4_contradiction,s4_contradiction,s4_contradiction,s4_contradiction,s4_contradiction,s4_contradiction",We use OpenSSL for crypto.,efe_real,3d3d7ff7,arousal_real,3d3d7ff7
post-0011-137,137,1,post_flip,supplier_name,2,2,1,1,1,0,"s4_contradiction,s4_contradiction,s4_contradiction,s4_contradiction,s4_contradiction,s4_contradiction,s4_contradiction,s4_contradiction,s4_contradiction,s4_contradiction",We source components from Acme Industries.,efe_shadow,304e2924,arousal_shadow,304e2924
post-0012-137,137,1,post_flip,supplier_name,2,2,1,1,1,0,"s4_contradiction,s4_contradiction,s4_contradiction,s4_contradiction,s4_contradiction,s4_contradiction,s4_contradiction,s4_contradiction,s4_contradiction,s4_contradiction",We source components from Acme Industries.,efe_shadow,304e2924,arousal_shadow,304e2924
post-0013-137,137,1,post_flip,launch_date,2,2,1,1,1,0,"s4_contradiction,s4_contradiction,s4_contradiction,s4_contradiction,s4_contradiction,s4_contradiction,s4_contradiction,s4_contradiction,s4_contradiction,s4_contradiction",The product launches on 2026-06-01.,efe_real,cf50ae39,arousal_real,cf50ae39
post-0014-137,137,1,post_flip,launch_date,2,2,1,1,1,0,"s4_contradiction,s4_contradiction,s4_contradiction,s4_contradiction,s4_contradiction,s4_contradiction,s4_contradiction,s4_contradiction,s4_contradiction,s4_contradiction",The product launches on 2026-06-01.,efe_real,cf50ae39,arousal_real,cf50ae39
post-0015-137,137,1,post_flip,conference_city,2,2,1,1,1,0,"s4_contradiction,s4_contradiction,s4_contradiction,s4_contradiction,s4_contradiction,s4_contradiction,s4_contradiction,s4_contradiction,s4_contradiction,s4_contradiction",Annual conference will be in Berlin.,efe_real,43730606,arousal_real,43730606
post-0016-137,137,1,post_flip,budget_ceiling,2,2,1,1,1,0,"s4_contradiction,s4_contradiction,s4_contradiction,s4_contradiction,s4_contradiction,s4_contradiction,s4_contradiction,s4_contradiction,s4_contradiction,s4_contradiction",Q3 budget ceiling is $50k.,efe_shadow,9271141b,arousal_shadow,9271141b
post-0017-137,137,1,post_flip,bug_fix_eta,2,2,1,1,1,0,"s4_contradiction,s4_contradiction,s4_contradiction,s4_contradiction,s4_contradiction,s4_contradiction,s4_contradiction,s4_contradiction,s4_contradiction,s4_contradiction",The fix ships in week 14.,efe_shadow,30693469,arousal_shadow,30693469
post-0018-137,137,1,post_flip,supplier_name,2,2,1,1,1,0,"s4_contradiction,s4_contradiction,s4_contradiction,s4_contradiction,s4_contradiction,s4_contradiction,s4_contradiction,s4_contradiction,s4_contradiction,s4_contradiction",We source components from Acme Industries.,efe_shadow,304e2924,arousal_shadow,304e2924
post-0019-137,137,1,post_flip,conference_city,2,2,1,1,1,0,"s4_contradiction,s4_contradiction,s4_contradiction,s4_contradiction,s4_contradiction,s4_contradiction,s4_contradiction,s4_contradiction,s4_contradiction,s4_contradiction",Annual conference will be in Berlin.,efe_real,43730606,arousal_real,43730606
post-0020-137,137,1,post_flip,ceo_name,1,1,1,1,1,0,"s4_contradiction,s4_contradiction,s4_contradiction,s4_contradiction,s4_contradiction,s4_contradiction,s4_contradiction,s4_contradiction,s4_contradiction,s4_contradiction",Update: the actual CEO is Marcus Chen.,efe_real,75575679,arousal_real,75575679
post-0021-137,137,1,post_flip,dependency_lib,2,2,1,1,1,0,"s4_contradiction,s4_contradiction,s4_contradiction,s4_contradiction,s4_contradiction,s4_contradiction,s4_contradiction,s4_contradiction,s4_contradiction,s4_contradiction",We use OpenSSL for crypto.,efe_real,3d3d7ff7,arousal_real,3d3d7ff7
post-0022-137,137,1,post_flip,hq_city,2,2,1,1,1,0,"s4_contradiction,s4_contradiction,s4_contradiction,s4_contradiction,s4_contradiction,s4_contradiction,s4_contradiction,s4_contradiction,s4_contradiction,s4_contradiction","Headquarters in Austin, Texas.",efe_real,73484533,arousal_real,73484533
post-0023-137,137,1,post_flip,bug_fix_eta,2,2,1,1,1,0,"s4_contradiction,s4_contradiction,s4_contradiction,s4_contradiction,s4_contradiction,s4_contradiction,s4_contradiction,s4_contradiction,s4_contradiction,s4_contradiction",The fix ships in week 14.,efe_shadow,30693469,arousal_shadow,30693469
post-0024-137,137,1,post_flip,conference_city,2,2,1,1,1,0,"s4_contradiction,s4_contradiction,s4_contradiction,s4_contradiction,s4_contradiction,s4_contradiction,s4_contradiction,s4_contradiction,s4_contradiction,s4_contradiction",Annual conference will be in Berlin.,efe_real,43730606,arousal_real,43730606
post-0025-137,137,1,post_flip,api_version,1,1,1,1,1,0,"s4_contradiction,s4_contradiction,s4_contradiction,s4_contradiction,s4_contradiction,s4_contradiction,s4_contradiction,s4_contradiction,s4_contradiction,s4_contradiction",API rolled forward to version 3.0.,efe_real,3d6dc512,arousal_real,3d6dc512
post-0026-137,137,1,post_flip,hq_city,2,2,1,1,1,0,"s4_contradiction,s4_contradiction,s4_contradiction,s4_contradiction,s4_contradiction,s4_contradiction,s4_contradiction,s4_contradiction,s4_contradiction,s4_contradiction","Headquarters in Austin, Texas.",efe_real,73484533,arousal_real,73484533
post-0027-137,137,1,post_flip,conference_city,2,2,1,1,1,0,"s4_contradiction,s4_contradiction,s4_contradiction,s4_contradiction,s4_contradiction,s4_contradiction,s4_contradiction,s4_contradiction,s4_contradiction,s4_contradiction",Annual conference will be in Berlin.,efe_real,43730606,arousal_real,43730606
post-0028-137,137,1,post_flip,budget_ceiling,2,2,1,1,1,0,"s4_contradiction,s4_contradiction,s4_contradiction,s4_contradiction,s4_contradiction,s4_contradiction,s4_contradiction,s4_contradiction,s4_contradiction,s4_contradiction",Q3 budget ceiling is $50k.,efe_shadow,9271141b,arousal_shadow,9271141b
post-0029-137,137,1,post_flip,dependency_lib,2,2,1,1,1,0,"s4_contradiction,s4_contradiction,s4_contradiction,s4_contradiction,s4_contradiction,s4_contradiction,s4_contradiction,s4_contradiction,s4_contradiction,s4_contradiction",We use OpenSSL for crypto.,efe_real,3d3d7ff7,arousal_real,3d3d7ff7
post-0030-137,137,1,post_flip,ceo_name,1,1,1,1,1,0,"s4_contradiction,s4_contradiction,s4_contradiction,s4_contradiction,s4_contradiction,s4_contradiction,s4_contradiction,s4_contradiction,s4_contradiction,s4_contradiction",Update: the actual CEO is Marcus Chen.,efe_real,75575679,arousal_real,75575679
post-0031-137,137,1,post_flip,launch_date,2,2,1,1,1,0,"s4_contradiction,s4_contradiction,s4_contradiction,s4_contradiction,s4_contradiction,s4_contradiction,s4_contradiction,s4_contradiction,s4_contradiction,s4_contradiction",The product launches on 2026-06-01.,efe_real,cf50ae39,arousal_real,cf50ae39
post-0032-137,137,1,post_flip,budget_ceiling,2,2,1,1,1,0,"s4_contradiction,s4_contradiction,s4_contradiction,s4_contradiction,s4_contradiction,s4_contradiction,s4_contradiction,s4_contradiction,s4_contradiction,s4_contradiction",Q3 budget ceiling is $50k.,efe_shadow,9271141b,arousal_shadow,9271141b
post-0033-137,137,1,post_flip,api_version,1,1,1,1,1,0,"s4_contradiction,s4_contradiction,s4_contradiction,s4_contradiction,s4_contradiction,s4_contradiction,s4_contradiction,s4_contradiction,s4_contradiction,s4_contradiction",API rolled forward to version 3.0.,efe_real,3d6dc512,arousal_real,3d6dc512
post-0034-137,137,1,post_flip,price_usd,2,1,1,1,1,0,"s4_contradiction,s4_contradiction,s4_contradiction,s4_contradiction,s4_contradiction,s4_contradiction,s4_contradiction,s4_contradiction,s4_contradiction,s4_contradiction",Annual subscription is $499.,efe_real,5d38734a,arousal_real,5d38734a
post-0035-137,137,1,post_flip,conference_city,2,2,1,1,1,0,"s4_contradiction,s4_contradiction,s4_contradiction,s4_contradiction,s4_contradiction,s4_contradiction,s4_contradiction,s4_contradiction,s4_contradiction,s4_contradiction",Annual conference will be in Berlin.,efe_real,43730606,arousal_real,43730606
post-0036-137,137,1,post_flip,api_version,1,1,1,1,1,0,"s4_contradiction,s4_contradiction,s4_contradiction,s4_contradiction,s4_contradiction,s4_contradiction,s4_contradiction,s4_contradiction,s4_contradiction,s4_contradiction",API rolled forward to version 3.0.,efe_real,3d6dc512,arousal_real,3d6dc512
post-0037-137,137,1,post_flip,supplier_name,2,2,1,1,1,0,"s4_contradiction,s4_contradiction,s4_contradiction,s4_contradiction,s4_contradiction,s4_contradiction,s4_contradiction,s4_contradiction,s4_contradiction,s4_contradiction",We source components from Acme Industries.,efe_shadow,304e2924,arousal_shadow,304e2924
post-0038-137,137,1,post_flip,api_version,1,1,1,1,1,0,"s4_contradiction,s4_contradiction,s4_contradiction,s4_contradiction,s4_contradiction,s4_contradiction,s4_contradiction,s4_contradiction,s4_contradiction,s4_contradiction",API rolled forward to version 3.0.,efe_real,3d6dc512,arousal_real,3d6dc512
post-0039-137,137,1,post_flip,budget_ceiling,2,2,1,1,1,0,"s4_contradiction,s4_contradiction,s4_contradiction,s4_contradiction,s4_contradiction,s4_contradiction,s4_contradiction,s4_contradiction,s4_contradiction,s4_contradiction",Q3 budget ceiling is $50k.,efe_shadow,9271141b,arousal_shadow,9271141b
post-0040-137,137,1,post_flip,budget_ceiling,2,2,1,1,1,0,"s4_contradiction,s4_contradiction,s4_contradiction,s4_contradiction,s4_contradiction,s4_contradiction,s4_contradiction,s4_contradiction,s4_contradiction,s4_contradiction",Q3 budget ceiling is $50k.,efe_shadow,9271141b,arousal_shadow,9271141b
post-0041-137,137,1,post_flip,bug_fix_eta,2,2,1,1,1,0,"s4_contradiction,s4_contradiction,s4_contradiction,s4_contradiction,s4_contradiction,s4_contradiction,s4_contradiction,s4_contradiction,s4_contradiction,s4_contradiction",The fix ships in week 14.,efe_shadow,30693469,arousal_shadow,30693469
post-0042-137,137,1,post_flip,price_usd,2,1,1,1,1,0,"s4_contradiction,s4_contradiction,s4_contradiction,s4_contradiction,s4_contradiction,s4_contradiction,s4_contradiction,s4_contradiction,s4_contradiction,s4_contradiction",Annual subscription is $499.,efe_real,5d38734a,arousal_real,5d38734a
post-0043-137,137,1,post_flip,dependency_lib,2,2,1,1,1,0,"s4_contradiction,s4_contradiction,s4_contradiction,s4_contradiction,s4_contradiction,s4_contradiction,s4_contradiction,s4_contradiction,s4_contradiction,s4_contradiction",We use OpenSSL for crypto.,efe_real,3d3d7ff7,arousal_real,3d3d7ff7
post-0044-137,137,1,post_flip,dependency_lib,2,2,1,1,1,0,"s4_contradiction,s4_contradiction,s4_contradiction,s4_contradiction,s4_contradiction,s4_contradiction,s4_contradiction,s4_contradiction,s4_contradiction,s4_contradiction",We use OpenSSL for crypto.,efe_real,3d3d7ff7,arousal_real,3d3d7ff7
post-0045-137,137,1,post_flip,conference_city,2,2,1,1,1,0,"s4_contradiction,s4_contradiction,s4_contradiction,s4_contradiction,s4_contradiction,s4_contradiction,s4_contradiction,s4_contradiction,s4_contradiction,s4_contradiction",Annual conference will be in Berlin.,efe_real,43730606,arousal_real,43730606
post-0046-137,137,1,post_flip,launch_date,2,2,1,1,1,0,"s4_contradiction,s4_contradiction,s4_contradiction,s4_contradiction,s4_contradiction,s4_contradiction,s4_contradiction,s4_contradiction,s4_contradiction,s4_contradiction",The product launches on 2026-06-01.,efe_real,cf50ae39,arousal_real,cf50ae39
post-0047-137,137,1,post_flip,bug_fix_eta,2,2,1,1,1,0,"s4_contradiction,s4_contradiction,s4_contradiction,s4_contradiction,s4_contradiction,s4_contradiction,s4_contradiction,s4_contradiction,s4_contradiction,s4_contradiction",The fix ships in week 14.,efe_shadow,30693469,arousal_shadow,30693469
post-0048-137,137,1,post_flip,budget_ceiling,2,2,1,1,1,0,"s4_contradiction,s4_contradiction,s4_contradiction,s4_contradiction,s4_contradiction,s4_contradiction,s4_contradiction,s4_contradiction,s4_contradiction,s4_contradiction",Q3 budget ceiling is $50k.,efe_shadow,9271141b,arousal_shadow,9271141b
post-0049-137,137,1,post_flip,price_usd,2,1,1,1,1,0,"s4_contradiction,s4_contradiction,s4_contradiction,s4_contradiction,s4_contradiction,s4_contradiction,s4_contradiction,s4_contradiction,s4_contradiction,s4_contradiction",Annual subscription is $499.,efe_real,5d38734a,arousal_real,5d38734a
post-0050-137,137,1,post_flip,ceo_name,1,1,1,1,1,0,"s4_contradiction,s4_contradiction,s4_contradiction,s4_contradiction,s4_contradiction,s4_contradiction,s4_contradiction,s4_contradiction,s4_contradiction,s4_contradiction",Update: the actual CEO is Marcus Chen.,efe_real,75575679,arousal_real,75575679
post-0051-137,137,1,post_flip,hq_city,2,2,1,1,1,0,"s4_contradiction,s4_contradiction,s4_contradiction,s4_contradiction,s4_contradiction,s4_contradiction,s4_contradiction,s4_contradiction,s4_contradiction,s4_contradiction","Headquarters in Austin, Texas.",efe_real,73484533,arousal_real,73484533
post-0052-137,137,1,post_flip,launch_date,2,2,1,1,1,0,"s4_contradiction,s4_contradiction,s4_contradiction,s4_contradiction,s4_contradiction,s4_contradiction,s4_contradiction,s4_contradiction,s4_contradiction,s4_contradiction",The product launches on 2026-06-01.,efe_real,cf50ae39,arousal_real,cf50ae39
post-0053-137,137,1,post_flip,price_usd,2,1,1,1,1,0,"s4_contradiction,s4_contradiction,s4_contradiction,s4_contradiction,s4_contradiction,s4_contradiction,s4_contradiction,s4_contradiction,s4_contradiction,s4_contradiction",Annual subscription is $499.,efe_real,5d38734a,arousal_real,5d38734a
post-0054-137,137,1,post_flip,launch_date,2,2,1,1,1,0,"s4_contradiction,s4_contradiction,s4_contradiction,s4_contradiction,s4_contradiction,s4_contradiction,s4_contradiction,s4_contradiction,s4_contradiction,s4_contradiction",The product launches on 2026-06-01.,efe_real,cf50ae39,arousal_real,cf50ae39
post-0055-137,137,1,post_flip,conference_city,2,2,1,1,1,0,"s4_contradiction,s4_contradiction,s4_contradiction,s4_contradiction,s4_contradiction,s4_contradiction,s4_contradiction,s4_contradiction,s4_contradiction,s4_contradiction",Annual conference will be in Berlin.,efe_real,43730606,arousal_real,43730606
post-0056-137,137,1,post_flip,conference_city,2,2,1,1,1,0,"s4_contradiction,s4_contradiction,s4_contradiction,s4_contradiction,s4_contradiction,s4_contradiction,s4_contradiction,s4_contradiction,s4_contradiction,s4_contradiction",Annual conference will be in Berlin.,efe_real,43730606,arousal_real,43730606
post-0057-137,137,1,post_flip,api_version,1,1,1,1,1,0,"s4_contradiction,s4_contradiction,s4_contradiction,s4_contradiction,s4_contradiction,s4_contradiction,s4_contradiction,s4_contradiction,s4_contradiction,s4_contradiction",API rolled forward to version 3.0.,efe_real,3d6dc512,arousal_real,3d6dc512
post-0058-137,137,1,post_flip,conference_city,2,2,1,1,1,0,"s4_contradiction,s4_contradiction,s4_contradiction,s4_contradiction,s4_contradiction,s4_contradiction,s4_contradiction,s4_contradiction,s4_contradiction,s4_contradiction",Annual conference will be in Berlin.,efe_real,43730606,arousal_real,43730606
post-0059-137,137,1,post_flip,hq_city,2,2,1,1,1,0,"s4_contradiction,s4_contradiction,s4_contradiction,s4_contradiction,s4_contradiction,s4_contradiction,s4_contradiction,s4_contradiction,s4_contradiction,s4_contradiction","Headquarters in Austin, Texas.",efe_real,73484533,arousal_real,73484533
post-0060-137,137,1,post_flip,api_version,1,1,1,1,1,0,"s4_contradiction,s4_contradiction,s4_contradiction,s4_contradiction,s4_contradiction,s4_contradiction,s4_contradiction,s4_contradiction,s4_contradiction,s4_contradiction",API rolled forward to version 3.0.,efe_real,3d6dc512,arousal_real,3d6dc512
post-0061-137,137,1,post_flip,dependency_lib,2,2,1,1,1,0,"s4_contradiction,s4_contradiction,s4_contradiction,s4_contradiction,s4_contradiction,s4_contradiction,s4_contradiction,s4_contradiction,s4_contradiction,s4_contradiction",We use OpenSSL for crypto.,efe_real,3d3d7ff7,arousal_real,3d3d7ff7
post-0062-137,137,1,post_flip,budget_ceiling,2,2,1,1,1,0,"s4_contradiction,s4_contradiction,s4_contradiction,s4_contradiction,s4_contradiction,s4_contradiction,s4_contradiction,s4_contradiction,s4_contradiction,s4_contradiction",Q3 budget ceiling is $50k.,efe_shadow,9271141b,arousal_shadow,9271141b
post-0063-137,137,1,post_flip,api_version,1,1,1,1,1,0,"s4_contradiction,s4_contradiction,s4_contradiction,s4_contradiction,s4_contradiction,s4_contradiction,s4_contradiction,s4_contradiction,s4_contradiction,s4_contradiction",API rolled forward to version 3.0.,efe_real,3d6dc512,arousal_real,3d6dc512
post-0064-137,137,1,post_flip,dependency_lib,2,2,1,1,1,0,"s4_contradiction,s4_contradiction,s4_contradiction,s4_contradiction,s4_contradiction,s4_contradiction,s4_contradiction,s4_contradiction,s4_contradiction,s4_contradiction",We use OpenSSL for crypto.,efe_real,3d3d7ff7,arousal_real,3d3d7ff7
post-0065-137,137,1,post_flip,supplier_name,2,2,1,1,1,0,"s4_contradiction,s4_contradiction,s4_contradiction,s4_contradiction,s4_contradiction,s4_contradiction,s4_contradiction,s4_contradiction,s4_contradiction,s4_contradiction",We source components from Acme Industries.,efe_shadow,304e2924,arousal_shadow,304e2924
post-0066-137,137,1,post_flip,ceo_name,1,1,1,1,1,0,"s4_contradiction,s4_contradiction,s4_contradiction,s4_contradiction,s4_contradiction,s4_contradiction,s4_contradiction,s4_contradiction,s4_contradiction,s4_contradiction",Update: the actual CEO is Marcus Chen.,efe_real,75575679,arousal_real,75575679
post-0067-137,137,1,post_flip,launch_date,2,2,1,1,1,0,"s4_contradiction,s4_contradiction,s4_contradiction,s4_contradiction,s4_contradiction,s4_contradiction,s4_contradiction,s4_contradiction,s4_contradiction,s4_contradiction",The product launches on 2026-06-01.,efe_real,cf50ae39,arousal_real,cf50ae39
post-0068-137,137,1,post_flip,conference_city,2,2,1,1,1,0,"s4_contradiction,s4_contradiction,s4_contradiction,s4_contradiction,s4_contradiction,s4_contradiction,s4_contradiction,s4_contradiction,s4_contradiction,s4_contradiction",Annual conference will be in Berlin.,efe_real,43730606,arousal_real,43730606
post-0069-137,137,1,post_flip,launch_date,2,2,1,1,1,0,"s4_contradiction,s4_contradiction,s4_contradiction,s4_contradiction,s4_contradiction,s4_contradiction,s4_contradiction,s4_contradiction,s4_contradiction,s4_contradiction",The product launches on 2026-06-01.,efe_real,cf50ae39,arousal_real,cf50ae39
post-0070-137,137,1,post_flip,api_version,1,1,1,1,1,0,"s4_contradiction,s4_contradiction,s4_contradiction,s4_contradiction,s4_contradiction,s4_contradiction,s4_contradiction,s4_contradiction,s4_contradiction,s4_contradiction",API rolled forward to version 3.0.,efe_real,3d6dc512,arousal_real,3d6dc512
post-0071-137,137,1,post_flip,bug_fix_eta,2,2,1,1,1,0,"s4_contradiction,s4_contradiction,s4_contradiction,s4_contradiction,s4_contradiction,s4_contradiction,s4_contradiction,s4_contradiction,s4_contradiction,s4_contradiction",The fix ships in week 14.,efe_shadow,30693469,arousal_shadow,30693469
post-0072-137,137,1,post_flip,bug_fix_eta,2,2,1,1,1,0,"s4_contradiction,s4_contradiction,s4_contradiction,s4_contradiction,s4_contradiction,s4_contradiction,s4_contradiction,s4_contradiction,s4_contradiction,s4_contradiction",The fix ships in week 14.,efe_shadow,30693469,arousal_shadow,30693469
post-0073-137,137,1,post_flip,price_usd,2,1,1,1,1,0,"s4_contradiction,s4_contradiction,s4_contradiction,s4_contradiction,s4_contradiction,s4_contradiction,s4_contradiction,s4_contradiction,s4_contradiction,s4_contradiction",Annual subscription is $499.,efe_real,5d38734a,arousal_real,5d38734a
post-0074-137,137,1,post_flip,conference_city,2,2,1,1,1,0,"s4_contradiction,s4_contradiction,s4_contradiction,s4_contradiction,s4_contradiction,s4_contradiction,s4_contradiction,s4_contradiction,s4_contradiction,s4_contradiction",Annual conference will be in Berlin.,efe_real,43730606,arousal_real,43730606
post-0075-137,137,1,post_flip,api_version,1,1,1,1,1,0,"s4_contradiction,s4_contradiction,s4_contradiction,s4_contradiction,s4_contradiction,s4_contradiction,s4_contradiction,s4_contradiction,s4_contradiction,s4_contradiction",API rolled forward to version 3.0.,efe_real,3d6dc512,arousal_real,3d6dc512
post-0076-137,137,1,post_flip,api_version,1,1,1,1,1,0,"s4_contradiction,s4_contradiction,s4_contradiction,s4_contradiction,s4_contradiction,s4_contradiction,s4_contradiction,s4_contradiction,s4_contradiction,s4_contradiction",API rolled forward to version 3.0.,efe_real,3d6dc512,arousal_real,3d6dc512
post-0077-137,137,1,post_flip,budget_ceiling,2,2,1,1,1,0,"s4_contradiction,s4_contradiction,s4_contradiction,s4_contradiction,s4_contradiction,s4_contradiction,s4_contradiction,s4_contradiction,s4_contradiction,s4_contradiction",Q3 budget ceiling is $50k.,efe_shadow,9271141b,arousal_shadow,9271141b
post-0078-137,137,1,post_flip,budget_ceiling,2,2,1,1,1,0,"s4_contradiction,s4_contradiction,s4_contradiction,s4_contradiction,s4_contradiction,s4_contradiction,s4_contradiction,s4_contradiction,s4_contradiction,s4_contradiction",Q3 budget ceiling is $50k.,efe_shadow,9271141b,arousal_shadow,9271141b
post-0079-137,137,1,post_flip,launch_date,2,2,1,1,1,0,"s4_contradiction,s4_contradiction,s4_contradiction,s4_contradiction,s4_contradiction,s4_contradiction,s4_contradiction,s4_contradiction,s4_contradiction,s4_contradiction",The product launches on 2026-06-01.,efe_real,cf50ae39,arousal_real,cf50ae39
post-0080-137,137,1,post_flip,conference_city,2,2,1,1,1,0,"s4_contradiction,s4_contradiction,s4_contradiction,s4_contradiction,s4_contradiction,s4_contradiction,s4_contradiction,s4_contradiction,s4_contradiction,s4_contradiction",Annual conference will be in Berlin.,efe_real,43730606,arousal_real,43730606
post-0081-137,137,1,post_flip,ceo_name,1,1,1,1,1,0,"s4_contradiction,s4_contradiction,s4_contradiction,s4_contradiction,s4_contradiction,s4_contradiction,s4_contradiction,s4_contradiction,s4_contradiction,s4_contradiction",Update: the actual CEO is Marcus Chen.,efe_real,75575679,arousal_real,75575679
post-0082-137,137,1,post_flip,dependency_lib,2,2,1,1,1,0,"s4_contradiction,s4_contradiction,s4_contradiction,s4_contradiction,s4_contradiction,s4_contradiction,s4_contradiction,s4_contradiction,s4_contradiction,s4_contradiction",We use OpenSSL for crypto.,efe_real,3d3d7ff7,arousal_real,3d3d7ff7
post-0083-137,137,1,post_flip,price_usd,2,1,1,1,1,0,"s4_contradiction,s4_contradiction,s4_contradiction,s4_contradiction,s4_contradiction,s4_contradiction,s4_contradiction,s4_contradiction,s4_contradiction,s4_contradiction",Annual subscription is $499.,efe_real,5d38734a,arousal_real,5d38734a
post-0084-137,137,1,post_flip,launch_date,2,2,1,1,1,0,"s4_contradiction,s4_contradiction,s4_contradiction,s4_contradiction,s4_contradiction,s4_contradiction,s4_contradiction,s4_contradiction,s4_contradiction,s4_contradiction",The product launches on 2026-06-01.,efe_real,cf50ae39,arousal_real,cf50ae39
post-0085-137,137,1,post_flip,api_version,1,1,1,1,1,0,"s4_contradiction,s4_contradiction,s4_contradiction,s4_contradiction,s4_contradiction,s4_contradiction,s4_contradiction,s4_contradiction,s4_contradiction,s4_contradiction",API rolled forward to version 3.0.,efe_real,3d6dc512,arousal_real,3d6dc512
post-0086-137,137,1,post_flip,budget_ceiling,2,2,1,1,1,0,"s4_contradiction,s4_contradiction,s4_contradiction,s4_contradiction,s4_contradiction,s4_contradiction,s4_contradiction,s4_contradiction,s4_contradiction,s4_contradiction",Q3 budget ceiling is $50k.,efe_shadow,9271141b,arousal_shadow,9271141b
post-0087-137,137,1,post_flip,conference_city,2,2,1,1,1,0,"s4_contradiction,s4_contradiction,s4_contradiction,s4_contradiction,s4_contradiction,s4_contradiction,s4_contradiction,s4_contradiction,s4_contradiction,s4_contradiction",Annual conference will be in Berlin.,efe_real,43730606,arousal_real,43730606
post-0088-137,137,1,post_flip,bug_fix_eta,2,2,1,1,1,0,"s4_contradiction,s4_contradiction,s4_contradiction,s4_contradiction,s4_contradiction,s4_contradiction,s4_contradiction,s4_contradiction,s4_contradiction,s4_contradiction",The fix ships in week 14.,efe_shadow,30693469,arousal_shadow,30693469
post-0089-137,137,1,post_flip,launch_date,2,2,1,1,1,0,"s4_contradiction,s4_contradiction,s4_contradiction,s4_contradiction,s4_contradiction,s4_contradiction,s4_contradiction,s4_contradiction,s4_contradiction,s4_contradiction",The product launches on 2026-06-01.,efe_real,cf50ae39,arousal_real,cf50ae39
post-0090-137,137,1,post_flip,price_usd,2,1,1,1,1,0,"s4_contradiction,s4_contradiction,s4_contradiction,s4_contradiction,s4_contradiction,s4_contradiction,s4_contradiction,s4_contradiction,s4_contradiction,s4_contradiction",Annual subscription is $499.,efe_real,5d38734a,arousal_real,5d38734a
post-0091-137,137,1,post_flip,price_usd,2,1,1,1,1,0,"s4_contradiction,s4_contradiction,s4_contradiction,s4_contradiction,s4_contradiction,s4_contradiction,s4_contradiction,s4_contradiction,s4_contradiction,s4_contradiction",Annual subscription is $499.,efe_real,5d38734a,arousal_real,5d38734a
post-0092-137,137,1,post_flip,budget_ceiling,2,2,1,1,1,0,"s4_contradiction,s4_contradiction,s4_contradiction,s4_contradiction,s4_contradiction,s4_contradiction,s4_contradiction,s4_contradiction,s4_contradiction,s4_contradiction",Q3 budget ceiling is $50k.,efe_shadow,9271141b,arousal_shadow,9271141b
post-0093-137,137,1,post_flip,dependency_lib,2,2,1,1,1,0,"s4_contradiction,s4_contradiction,s4_contradiction,s4_contradiction,s4_contradiction,s4_contradiction,s4_contradiction,s4_contradiction,s4_contradiction,s4_contradiction",We use OpenSSL for crypto.,efe_real,3d3d7ff7,arousal_real,3d3d7ff7
post-0094-137,137,1,post_flip,bug_fix_eta,2,2,1,1,1,0,"s4_contradiction,s4_contradiction,s4_contradiction,s4_contradiction,s4_contradiction,s4_contradiction,s4_contradiction,s4_contradiction,s4_contradiction,s4_contradiction",The fix ships in week 14.,efe_shadow,30693469,arousal_shadow,30693469
post-0095-137,137,1,post_flip,dependency_lib,2,2,1,1,1,0,"s4_contradiction,s4_contradiction,s4_contradiction,s4_contradiction,s4_contradiction,s4_contradiction,s4_contradiction,s4_contradiction,s4_contradiction,s4_contradiction",We use OpenSSL for crypto.,efe_real,3d3d7ff7,arousal_real,3d3d7ff7
post-0096-137,137,1,post_flip,api_version,1,1,1,1,1,0,"s4_contradiction,s4_contradiction,s4_contradiction,s4_contradiction,s4_contradiction,s4_contradiction,s4_contradiction,s4_contradiction,s4_contradiction,s4_contradiction",API rolled forward to version 3.0.,efe_real,3d6dc512,arousal_real,3d6dc512
post-0097-137,137,1,post_flip,hq_city,2,2,1,1,1,0,"s4_contradiction,s4_contradiction,s4_contradiction,s4_contradiction,s4_contradiction,s4_contradiction,s4_contradiction,s4_contradiction,s4_contradiction,s4_contradiction","Headquarters in Austin, Texas.",efe_real,73484533,arousal_real,73484533
post-0098-137,137,1,post_flip,api_version,1,1,1,1,1,0,"s4_contradiction,s4_contradiction,s4_contradiction,s4_contradiction,s4_contradiction,s4_contradiction,s4_contradiction,s4_contradiction,s4_contradiction,s4_contradiction",API rolled forward to version 3.0.,efe_real,3d6dc512,arousal_real,3d6dc512
post-0099-137,137,1,post_flip,launch_date,2,2,1,1,1,0,"s4_contradiction,s4_contradiction,s4_contradiction,s4_contradiction,s4_contradiction,s4_contradiction,s4_contradiction,s4_contradiction,s4_contradiction,s4_contradiction",The product launches on 2026-06-01.,efe_real,cf50ae39,arousal_real,cf50ae39
post-0100-137,137,1,post_flip,conference_city,2,2,1,1,1,0,"s4_contradiction,s4_contradiction,s4_contradiction,s4_contradiction,s4_contradiction,s4_contradiction,s4_contradiction,s4_contradiction,s4_contradiction,s4_contradiction",Annual conference will be in Berlin.,efe_real,43730606,arousal_real,43730606
post-0101-137,137,1,post_flip,bug_fix_eta,2,2,1,1,1,0,"s4_contradiction,s4_contradiction,s4_contradiction,s4_contradiction,s4_contradiction,s4_contradiction,s4_contradiction,s4_contradiction,s4_contradiction,s4_contradiction",The fix ships in week 14.,efe_shadow,30693469,arousal_shadow,30693469
post-0102-137,137,1,post_flip,supplier_name,2,2,1,1,1,0,"s4_contradiction,s4_contradiction,s4_contradiction,s4_contradiction,s4_contradiction,s4_contradiction,s4_contradiction,s4_contradiction,s4_contradiction,s4_contradiction",We source components from Acme Industries.,efe_shadow,304e2924,arousal_shadow,304e2924
post-0103-137,137,1,post_flip,bug_fix_eta,2,2,1,1,1,0,"s4_contradiction,s4_contradiction,s4_contradiction,s4_contradiction,s4_contradiction,s4_contradiction,s4_contradiction,s4_contradiction,s4_contradiction,s4_contradiction",The fix ships in week 14.,efe_shadow,30693469,arousal_shadow,30693469
post-0104-137,137,1,post_flip,conference_city,2,2,1,1,1,0,"s4_contradiction,s4_contradiction,s4_contradiction,s4_contradiction,s4_contradiction,s4_contradiction,s4_contradiction,s4_contradiction,s4_contradiction,s4_contradiction",Annual conference will be in Berlin.,efe_real,43730606,arousal_real,43730606
post-0105-137,137,1,post_flip,dependency_lib,2,2,1,1,1,0,"s4_contradiction,s4_contradiction,s4_contradiction,s4_contradiction,s4_contradiction,s4_contradiction,s4_contradiction,s4_contradiction,s4_contradiction,s4_contradiction",We use OpenSSL for crypto.,efe_real,3d3d7ff7,arousal_real,3d3d7ff7
post-0106-137,137,1,post_flip,launch_date,2,2,1,1,1,0,"s4_contradiction,s4_contradiction,s4_contradiction,s4_contradiction,s4_contradiction,s4_contradiction,s4_contradiction,s4_contradiction,s4_contradiction,s4_contradiction",The product launches on 2026-06-01.,efe_real,cf50ae39,arousal_real,cf50ae39
post-0107-137,137,1,post_flip,ceo_name,1,1,1,1,1,0,"s4_contradiction,s4_contradiction,s4_contradiction,s4_contradiction,s4_contradiction,s4_contradiction,s4_contradiction,s4_contradiction,s4_contradiction,s4_contradiction",Update: the actual CEO is Marcus Chen.,efe_real,75575679,arousal_real,75575679
post-0108-137,137,1,post_flip,bug_fix_eta,2,2,1,1,1,0,"s4_contradiction,s4_contradiction,s4_contradiction,s4_contradiction,s4_contradiction,s4_contradiction,s4_contradiction,s4_contradiction,s4_contradiction,s4_contradiction",The fix ships in week 14.,efe_shadow,30693469,arousal_shadow,30693469
post-0109-137,137,1,post_flip,supplier_name,2,2,1,1,1,0,"s4_contradiction,s4_contradiction,s4_contradiction,s4_contradiction,s4_contradiction,s4_contradiction,s4_contradiction,s4_contradiction,s4_contradiction,s4_contradiction",We source components from Acme Industries.,efe_shadow,304e2924,arousal_shadow,304e2924
post-0110-137,137,1,post_flip,supplier_name,2,2,1,1,1,0,"s4_contradiction,s4_contradiction,s4_contradiction,s4_contradiction,s4_contradiction,s4_contradiction,s4_contradiction,s4_contradiction,s4_contradiction,s4_contradiction",We source components from Acme Industries.,efe_shadow,304e2924,arousal_shadow,304e2924
post-0111-137,137,1,post_flip,supplier_name,2,2,1,1,1,0,"s4_contradiction,s4_contradiction,s4_contradiction,s4_contradiction,s4_contradiction,s4_contradiction,s4_contradiction,s4_contradiction,s4_contradiction,s4_contradiction",We source components from Acme Industries.,efe_shadow,304e2924,arousal_shadow,304e2924
post-0112-137,137,1,post_flip,bug_fix_eta,2,2,1,1,1,0,"s4_contradiction,s4_contradiction,s4_contradiction,s4_contradiction,s4_contradiction,s4_contradiction,s4_contradiction,s4_contradiction,s4_contradiction,s4_contradiction",The fix ships in week 14.,efe_shadow,30693469,arousal_shadow,30693469
post-0113-137,137,1,post_flip,launch_date,2,2,1,1,1,0,"s4_contradiction,s4_contradiction,s4_contradiction,s4_contradiction,s4_contradiction,s4_contradiction,s4_contradiction,s4_contradiction,s4_contradiction,s4_contradiction",The product launches on 2026-06-01.,efe_real,cf50ae39,arousal_real,cf50ae39
post-0114-137,137,1,post_flip,supplier_name,2,2,1,1,1,0,"s4_contradiction,s4_contradiction,s4_contradiction,s4_contradiction,s4_contradiction,s4_contradiction,s4_contradiction,s4_contradiction,s4_contradiction,s4_contradiction",We source components from Acme Industries.,efe_shadow,304e2924,arousal_shadow,304e2924
post-0115-137,137,1,post_flip,launch_date,2,2,1,1,1,0,"s4_contradiction,s4_contradiction,s4_contradiction,s4_contradiction,s4_contradiction,s4_contradiction,s4_contradiction,s4_contradiction,s4_contradiction,s4_contradiction",The product launches on 2026-06-01.,efe_real,cf50ae39,arousal_real,cf50ae39
post-0116-137,137,1,post_flip,conference_city,2,2,1,1,1,0,"s4_contradiction,s4_contradiction,s4_contradiction,s4_contradiction,s4_contradiction,s4_contradiction,s4_contradiction,s4_contradiction,s4_contradiction,s4_contradiction",Annual conference will be in Berlin.,efe_real,43730606,arousal_real,43730606
post-0117-137,137,1,post_flip,conference_city,2,2,1,1,1,0,"s4_contradiction,s4_contradiction,s4_contradiction,s4_contradiction,s4_contradiction,s4_contradiction,s4_contradiction,s4_contradiction,s4_contradiction,s4_contradiction",Annual conference will be in Berlin.,efe_real,43730606,arousal_real,43730606
post-0118-137,137,1,post_flip,ceo_name,1,1,1,1,1,0,"s4_contradiction,s4_contradiction,s4_contradiction,s4_contradiction,s4_contradiction,s4_contradiction,s4_contradiction,s4_contradiction,s4_contradiction,s4_contradiction",Update: the actual CEO is Marcus Chen.,efe_real,75575679,arousal_real,75575679
post-0119-137,137,1,post_flip,supplier_name,2,2,1,1,1,0,"s4_contradiction,s4_contradiction,s4_contradiction,s4_contradiction,s4_contradiction,s4_contradiction,s4_contradiction,s4_contradiction,s4_contradiction,s4_contradiction",We source components from Acme Industries.,efe_shadow,304e2924,arousal_shadow,304e2924
post-0120-137,137,1,post_flip,bug_fix_eta,2,2,1,1,1,0,"s4_contradiction,s4_contradiction,s4_contradiction,s4_contradiction,s4_contradiction,s4_contradiction,s4_contradiction,s4_contradiction,s4_contradiction,s4_contradiction",The fix ships in week 14.,efe_shadow,30693469,arousal_shadow,30693469
post-0121-137,137,1,post_flip,dependency_lib,2,2,1,1,1,0,"s4_contradiction,s4_contradiction,s4_contradiction,s4_contradiction,s4_contradiction,s4_contradiction,s4_contradiction,s4_contradiction,s4_contradiction,s4_contradiction",We use OpenSSL for crypto.,efe_real,3d3d7ff7,arousal_real,3d3d7ff7
post-0122-137,137,1,post_flip,supplier_name,2,2,1,1,1,0,"s4_contradiction,s4_contradiction,s4_contradiction,s4_contradiction,s4_contradiction,s4_contradiction,s4_contradiction,s4_contradiction,s4_contradiction,s4_contradiction",We source components from Acme Industries.,efe_shadow,304e2924,arousal_shadow,304e2924
post-0123-137,137,1,post_flip,ceo_name,1,1,1,1,1,0,"s4_contradiction,s4_contradiction,s4_contradiction,s4_contradiction,s4_contradiction,s4_contradiction,s4_contradiction,s4_contradiction,s4_contradiction,s4_contradiction",Update: the actual CEO is Marcus Chen.,efe_real,75575679,arousal_real,75575679
post-0124-137,137,1,post_flip,bug_fix_eta,2,2,1,1,1,0,"s4_contradiction,s4_contradiction,s4_contradiction,s4_contradiction,s4_contradiction,s4_contradiction,s4_contradiction,s4_contradiction,s4_contradiction,s4_contradiction",The fix ships in week 14.,efe_shadow,30693469,arousal_shadow,30693469
post-0125-137,137,1,post_flip,ceo_name,1,1,1,1,1,0,"s4_contradiction,s4_contradiction,s4_contradiction,s4_contradiction,s4_contradiction,s4_contradiction,s4_contradiction,s4_contradiction,s4_contradiction,s4_contradiction",Update: the actual CEO is Marcus Chen.,efe_real,75575679,arousal_real,75575679
post-0126-137,137,1,post_flip,api_version,1,1,1,1,1,0,"s4_contradiction,s4_contradiction,s4_contradiction,s4_contradiction,s4_contradiction,s4_contradiction,s4_contradiction,s4_contradiction,s4_contradiction,s4_contradiction",API rolled forward to version 3.0.,efe_real,3d6dc512,arousal_real,3d6dc512
post-0127-137,137,1,post_flip,ceo_name,1,1,1,1,1,0,"s4_contradiction,s4_contradiction,s4_contradiction,s4_contradiction,s4_contradiction,s4_contradiction,s4_contradiction,s4_contradiction,s4_contradiction,s4_contradiction",Update: the actual CEO is Marcus Chen.,efe_real,75575679,arousal_real,75575679
post-0128-137,137,1,post_flip,supplier_name,2,2,1,1,1,0,"s4_contradiction,s4_contradiction,s4_contradiction,s4_contradiction,s4_contradiction,s4_contradiction,s4_contradiction,s4_contradiction,s4_contradiction,s4_contradiction",We source components from Acme Industries.,efe_shadow,304e2924,arousal_shadow,304e2924
post-0129-137,137,1,post_flip,api_version,1,1,1,1,1,0,"s4_contradiction,s4_contradiction,s4_contradiction,s4_contradiction,s4_contradiction,s4_contradiction,s4_contradiction,s4_contradiction,s4_contradiction,s4_contradiction",API rolled forward to version 3.0.,efe_real,3d6dc512,arousal_real,3d6dc512
post-0130-137,137,1,post_flip,hq_city,2,2,1,1,1,0,"s4_contradiction,s4_contradiction,s4_contradiction,s4_contradiction,s4_contradiction,s4_contradiction,s4_contradiction,s4_contradiction,s4_contradiction,s4_contradiction","Headquarters in Austin, Texas.",efe_real,73484533,arousal_real,73484533
post-0131-137,137,1,post_flip,api_version,1,1,1,1,1,0,"s4_contradiction,s4_contradiction,s4_contradiction,s4_contradiction,s4_contradiction,s4_contradiction,s4_contradiction,s4_contradiction,s4_contradiction,s4_contradiction",API rolled forward to version 3.0.,efe_real,3d6dc512,arousal_real,3d6dc512
post-0132-137,137,1,post_flip,budget_ceiling,2,2,1,1,1,0,"s4_contradiction,s4_contradiction,s4_contradiction,s4_contradiction,s4_contradiction,s4_contradiction,s4_contradiction,s4_contradiction,s4_contradiction,s4_contradiction",Q3 budget ceiling is $50k.,efe_shadow,9271141b,arousal_shadow,9271141b
post-0133-137,137,1,post_flip,conference_city,2,2,1,1,1,0,"s4_contradiction,s4_contradiction,s4_contradiction,s4_contradiction,s4_contradiction,s4_contradiction,s4_contradiction,s4_contradiction,s4_contradiction,s4_contradiction",Annual conference will be in Berlin.,efe_real,43730606,arousal_real,43730606
post-0134-137,137,1,post_flip,dependency_lib,2,2,1,1,1,0,"s4_contradiction,s4_contradiction,s4_contradiction,s4_contradiction,s4_contradiction,s4_contradiction,s4_contradiction,s4_contradiction,s4_contradiction,s4_contradiction",We use OpenSSL for crypto.,efe_real,3d3d7ff7,arousal_real,3d3d7ff7
post-0135-137,137,1,post_flip,hq_city,2,2,1,1,1,0,"s4_contradiction,s4_contradiction,s4_contradiction,s4_contradiction,s4_contradiction,s4_contradiction,s4_contradiction,s4_contradiction,s4_contradiction,s4_contradiction","Headquarters in Austin, Texas.",efe_real,73484533,arousal_real,73484533
post-0136-137,137,1,post_flip,launch_date,2,2,1,1,1,0,"s4_contradiction,s4_contradiction,s4_contradiction,s4_contradiction,s4_contradiction,s4_contradiction,s4_contradiction,s4_contradiction,s4_contradiction,s4_contradiction",The product launches on 2026-06-01.,efe_real,cf50ae39,arousal_real,cf50ae39
post-0137-137,137,1,post_flip,ceo_name,1,1,1,1,1,0,"s4_contradiction,s4_contradiction,s4_contradiction,s4_contradiction,s4_contradiction,s4_contradiction,s4_contradiction,s4_contradiction,s4_contradiction,s4_contradiction",Update: the actual CEO is Marcus Chen.,efe_real,75575679,arousal_real,75575679
post-0138-137,137,1,post_flip,hq_city,2,2,1,1,1,0,"s4_contradiction,s4_contradiction,s4_contradiction,s4_contradiction,s4_contradiction,s4_contradiction,s4_contradiction,s4_contradiction,s4_contradiction,s4_contradiction","Headquarters in Austin, Texas.",efe_real,73484533,arousal_real,73484533
post-0139-137,137,1,post_flip,budget_ceiling,2,2,1,1,1,0,"s4_contradiction,s4_contradiction,s4_contradiction,s4_contradiction,s4_contradiction,s4_contradiction,s4_contradiction,s4_contradiction,s4_contradiction,s4_contradiction",Q3 budget ceiling is $50k.,efe_shadow,9271141b,arousal_shadow,9271141b
post-0140-137,137,1,post_flip,supplier_name,2,2,1,1,1,0,"s4_contradiction,s4_contradiction,s4_contradiction,s4_contradiction,s4_contradiction,s4_contradiction,s4_contradiction,s4_contradiction,s4_contradiction,s4_contradiction",We source components from Acme Industries.,efe_shadow,304e2924,arousal_shadow,304e2924
post-0141-137,137,1,post_flip,hq_city,2,2,1,1,1,0,"s4_contradiction,s4_contradiction,s4_contradiction,s4_contradiction,s4_contradiction,s4_contradiction,s4_contradiction,s4_contradiction,s4_contradiction,s4_contradiction","Headquarters in Austin, Texas.",efe_real,73484533,arousal_real,73484533
post-0142-137,137,1,post_flip,ceo_name,1,1,1,1,1,0,"s4_contradiction,s4_contradiction,s4_contradiction,s4_contradiction,s4_contradiction,s4_contradiction,s4_contradiction,s4_contradiction,s4_contradiction,s4_contradiction",Update: the actual CEO is Marcus Chen.,efe_real,75575679,arousal_real,75575679
post-0143-137,137,1,post_flip,price_usd,2,1,1,1,1,0,"s4_contradiction,s4_contradiction,s4_contradiction,s4_contradiction,s4_contradiction,s4_contradiction,s4_contradiction,s4_contradiction,s4_contradiction,s4_contradiction",Annual subscription is $499.,efe_real,5d38734a,arousal_real,5d38734a
post-0144-137,137,1,post_flip,budget_ceiling,2,2,1,1,1,0,"s4_contradiction,s4_contradiction,s4_contradiction,s4_contradiction,s4_contradiction,s4_contradiction,s4_contradiction,s4_contradiction,s4_contradiction,s4_contradiction",Q3 budget ceiling is $50k.,efe_shadow,9271141b,arousal_shadow,9271141b
post-0145-137,137,1,post_flip,launch_date,2,2,1,1,1,0,"s4_contradiction,s4_contradiction,s4_contradiction,s4_contradiction,s4_contradiction,s4_contradiction,s4_contradiction,s4_contradiction,s4_contradiction,s4_contradiction",The product launches on 2026-06-01.,efe_real,cf50ae39,arousal_real,cf50ae39
post-0146-137,137,1,post_flip,supplier_name,2,2,1,1,1,0,"s4_contradiction,s4_contradiction,s4_contradiction,s4_contradiction,s4_contradiction,s4_contradiction,s4_contradiction,s4_contradiction,s4_contradiction,s4_contradiction",We source components from Acme Industries.,efe_shadow,304e2924,arousal_shadow,304e2924
post-0147-137,137,1,post_flip,dependency_lib,2,2,1,1,1,0,"s4_contradiction,s4_contradiction,s4_contradiction,s4_contradiction,s4_contradiction,s4_contradiction,s4_contradiction,s4_contradiction,s4_contradiction,s4_contradiction",We use OpenSSL for crypto.,efe_real,3d3d7ff7,arousal_real,3d3d7ff7
post-0148-137,137,1,post_flip,conference_city,2,2,1,1,1,0,"s4_contradiction,s4_contradiction,s4_contradiction,s4_contradiction,s4_contradiction,s4_contradiction,s4_contradiction,s4_contradiction,s4_contradiction,s4_contradiction",Annual conference will be in Berlin.,efe_real,43730606,arousal_real,43730606
post-0149-137,137,1,post_flip,dependency_lib,2,2,1,1,1,0,"s4_contradiction,s4_contradiction,s4_contradiction,s4_contradiction,s4_contradiction,s4_contradiction,s4_contradiction,s4_contradiction,s4_contradiction,s4_contradiction",We use OpenSSL for crypto.,efe_real,3d3d7ff7,arousal_real,3d3d7ff7
post-0150-137,137,1,post_flip,hq_city,2,2,1,1,1,0,"s4_contradiction,s4_contradiction,s4_contradiction,s4_contradiction,s4_contradiction,s4_contradiction,s4_contradiction,s4_contradiction,s4_contradiction,s4_contradiction","Headquarters in Austin, Texas.",efe_real,73484533,arousal_real,73484533
post-0151-137,137,1,post_flip,api_version,1,1,1,1,1,0,"s4_contradiction,s4_contradiction,s4_contradiction,s4_contradiction,s4_contradiction,s4_contradiction,s4_contradiction,s4_contradiction,s4_contradiction,s4_contradiction",API rolled forward to version 3.0.,efe_real,3d6dc512,arousal_real,3d6dc512
post-0152-137,137,1,post_flip,bug_fix_eta,2,2,1,1,1,0,"s4_contradiction,s4_contradiction,s4_contradiction,s4_contradiction,s4_contradiction,s4_contradiction,s4_contradiction,s4_contradiction,s4_contradiction,s4_contradiction",The fix ships in week 14.,efe_shadow,30693469,arousal_shadow,30693469
post-0153-137,137,1,post_flip,ceo_name,1,1,1,1,1,0,"s4_contradiction,s4_contradiction,s4_contradiction,s4_contradiction,s4_contradiction,s4_contradiction,s4_contradiction,s4_contradiction,s4_contradiction,s4_contradiction",Update: the actual CEO is Marcus Chen.,efe_real,75575679,arousal_real,75575679
post-0154-137,137,1,post_flip,hq_city,2,2,1,1,1,0,"s4_contradiction,s4_contradiction,s4_contradiction,s4_contradiction,s4_contradiction,s4_contradiction,s4_contradiction,s4_contradiction,s4_contradiction,s4_contradiction","Headquarters in Austin, Texas.",efe_real,73484533,arousal_real,73484533
post-0155-137,137,1,post_flip,dependency_lib,2,2,1,1,1,0,"s4_contradiction,s4_contradiction,s4_contradiction,s4_contradiction,s4_contradiction,s4_contradiction,s4_contradiction,s4_contradiction,s4_contradiction,s4_contradiction",We use OpenSSL for crypto.,efe_real,3d3d7ff7,arousal_real,3d3d7ff7
post-0156-137,137,1,post_flip,price_usd,2,1,1,1,1,0,"s4_contradiction,s4_contradiction,s4_contradiction,s4_contradiction,s4_contradiction,s4_contradiction,s4_contradiction,s4_contradiction,s4_contradiction,s4_contradiction",Annual subscription is $499.,efe_real,5d38734a,arousal_real,5d38734a
post-0157-137,137,1,post_flip,api_version,1,1,1,1,1,0,"s4_contradiction,s4_contradiction,s4_contradiction,s4_contradiction,s4_contradiction,s4_contradiction,s4_contradiction,s4_contradiction,s4_contradiction,s4_contradiction",API rolled forward to version 3.0.,efe_real,3d6dc512,arousal_real,3d6dc512
post-0158-137,137,1,post_flip,budget_ceiling,2,2,1,1,1,0,"s4_contradiction,s4_contradiction,s4_contradiction,s4_contradiction,s4_contradiction,s4_contradiction,s4_contradiction,s4_contradiction,s4_contradiction,s4_contradiction",Q3 budget ceiling is $50k.,efe_shadow,9271141b,arousal_shadow,9271141b
post-0159-137,137,1,post_flip,hq_city,2,2,1,1,1,0,"s4_contradiction,s4_contradiction,s4_contradiction,s4_contradiction,s4_contradiction,s4_contradiction,s4_contradiction,s4_contradiction,s4_contradiction,s4_contradiction","Headquarters in Austin, Texas.",efe_real,73484533,arousal_real,73484533
post-0160-137,137,1,post_flip,launch_date,2,2,1,1,1,0,"s4_contradiction,s4_contradiction,s4_contradiction,s4_contradiction,s4_contradiction,s4_contradiction,s4_contradiction,s4_contradiction,s4_contradiction,s4_contradiction",The product launches on 2026-06-01.,efe_real,cf50ae39,arousal_real,cf50ae39
post-0161-137,137,1,post_flip,hq_city,2,2,1,1,1,0,"s4_contradiction,s4_contradiction,s4_contradiction,s4_contradiction,s4_contradiction,s4_contradiction,s4_contradiction,s4_contradiction,s4_contradiction,s4_contradiction","Headquarters in Austin, Texas.",efe_real,73484533,arousal_real,73484533
post-0162-137,137,1,post_flip,dependency_lib,2,2,1,1,1,0,"s4_contradiction,s4_contradiction,s4_contradiction,s4_contradiction,s4_contradiction,s4_contradiction,s4_contradiction,s4_contradiction,s4_contradiction,s4_contradiction",We use OpenSSL for crypto.,efe_real,3d3d7ff7,arousal_real,3d3d7ff7
post-0163-137,137,1,post_flip,dependency_lib,2,2,1,1,1,0,"s4_contradiction,s4_contradiction,s4_contradiction,s4_contradiction,s4_contradiction,s4_contradiction,s4_contradiction,s4_contradiction,s4_contradiction,s4_contradiction",We use OpenSSL for crypto.,efe_real,3d3d7ff7,arousal_real,3d3d7ff7
post-0164-137,137,1,post_flip,api_version,1,1,1,1,1,0,"s4_contradiction,s4_contradiction,s4_contradiction,s4_contradiction,s4_contradiction,s4_contradiction,s4_contradiction,s4_contradiction,s4_contradiction,s4_contradiction",API rolled forward to version 3.0.,efe_real,3d6dc512,arousal_real,3d6dc512
post-0165-137,137,1,post_flip,price_usd,2,1,1,1,1,0,"s4_contradiction,s4_contradiction,s4_contradiction,s4_contradiction,s4_contradiction,s4_contradiction,s4_contradiction,s4_contradiction,s4_contradiction,s4_contradiction",Annual subscription is $499.,efe_real,5d38734a,arousal_real,5d38734a
post-0166-137,137,1,post_flip,budget_ceiling,2,2,1,1,1,0,"s4_contradiction,s4_contradiction,s4_contradiction,s4_contradiction,s4_contradiction,s4_contradiction,s4_contradiction,s4_contradiction,s4_contradiction,s4_contradiction",Q3 budget ceiling is $50k.,efe_shadow,9271141b,arousal_shadow,9271141b
post-0167-137,137,1,post_flip,budget_ceiling,2,2,1,1,1,0,"s4_contradiction,s4_contradiction,s4_contradiction,s4_contradiction,s4_contradiction,s4_contradiction,s4_contradiction,s4_contradiction,s4_contradiction,s4_contradiction",Q3 budget ceiling is $50k.,efe_shadow,9271141b,arousal_shadow,9271141b
post-0168-137,137,1,post_flip,budget_ceiling,2,2,1,1,1,0,"s4_contradiction,s4_contradiction,s4_contradiction,s4_contradiction,s4_contradiction,s4_contradiction,s4_contradiction,s4_contradiction,s4_contradiction,s4_contradiction",Q3 budget ceiling is $50k.,efe_shadow,9271141b,arousal_shadow,9271141b
post-0169-137,137,1,post_flip,api_version,1,1,1,1,1,0,"s4_contradiction,s4_contradiction,s4_contradiction,s4_contradiction,s4_contradiction,s4_contradiction,s4_contradiction,s4_contradiction,s4_contradiction,s4_contradiction",API rolled forward to version 3.0.,efe_real,3d6dc512,arousal_real,3d6dc512
post-0170-137,137,1,post_flip,bug_fix_eta,2,2,1,1,1,0,"s4_contradiction,s4_contradiction,s4_contradiction,s4_contradiction,s4_contradiction,s4_contradiction,s4_contradiction,s4_contradiction,s4_contradiction,s4_contradiction",The fix ships in week 14.,efe_shadow,30693469,arousal_shadow,30693469
post-0171-137,137,1,post_flip,budget_ceiling,2,2,1,1,1,0,"s4_contradiction,s4_contradiction,s4_contradiction,s4_contradiction,s4_contradiction,s4_contradiction,s4_contradiction,s4_contradiction,s4_contradiction,s4_contradiction",Q3 budget ceiling is $50k.,efe_shadow,9271141b,arousal_shadow,9271141b
post-0172-137,137,1,post_flip,bug_fix_eta,2,2,1,1,1,0,"s4_contradiction,s4_contradiction,s4_contradiction,s4_contradiction,s4_contradiction,s4_contradiction,s4_contradiction,s4_contradiction,s4_contradiction,s4_contradiction",The fix ships in week 14.,efe_shadow,30693469,arousal_shadow,30693469
post-0173-137,137,1,post_flip,price_usd,2,1,1,1,1,0,"s4_contradiction,s4_contradiction,s4_contradiction,s4_contradiction,s4_contradiction,s4_contradiction,s4_contradiction,s4_contradiction,s4_contradiction,s4_contradiction",Annual subscription is $499.,efe_real,5d38734a,arousal_real,5d38734a
post-0174-137,137,1,post_flip,launch_date,2,2,1,1,1,0,"s4_contradiction,s4_contradiction,s4_contradiction,s4_contradiction,s4_contradiction,s4_contradiction,s4_contradiction,s4_contradiction,s4_contradiction,s4_contradiction",The product launches on 2026-06-01.,efe_real,cf50ae39,arousal_real,cf50ae39
post-0175-137,137,1,post_flip,ceo_name,1,1,1,1,1,0,"s4_contradiction,s4_contradiction,s4_contradiction,s4_contradiction,s4_contradiction,s4_contradiction,s4_contradiction,s4_contradiction,s4_contradiction,s4_contradiction",Update: the actual CEO is Marcus Chen.,efe_real,75575679,arousal_real,75575679
post-0176-137,137,1,post_flip,price_usd,2,1,1,1,1,0,"s4_contradiction,s4_contradiction,s4_contradiction,s4_contradiction,s4_contradiction,s4_contradiction,s4_contradiction,s4_contradiction,s4_contradiction,s4_contradiction",Annual subscription is $499.,efe_real,5d38734a,arousal_real,5d38734a
post-0177-137,137,1,post_flip,dependency_lib,2,2,1,1,1,0,"s4_contradiction,s4_contradiction,s4_contradiction,s4_contradiction,s4_contradiction,s4_contradiction,s4_contradiction,s4_contradiction,s4_contradiction,s4_contradiction",We use OpenSSL for crypto.,efe_real,3d3d7ff7,arousal_real,3d3d7ff7
post-0178-137,137,1,post_flip,api_version,1,1,1,1,1,0,"s4_contradiction,s4_contradiction,s4_contradiction,s4_contradiction,s4_contradiction,s4_contradiction,s4_contradiction,s4_contradiction,s4_contradiction,s4_contradiction",API rolled forward to version 3.0.,efe_real,3d6dc512,arousal_real,3d6dc512
post-0179-137,137,1,post_flip,dependency_lib,2,2,1,1,1,0,"s4_contradiction,s4_contradiction,s4_contradiction,s4_contradiction,s4_contradiction,s4_contradiction,s4_contradiction,s4_contradiction,s4_contradiction,s4_contradiction",We use OpenSSL for crypto.,efe_real,3d3d7ff7,arousal_real,3d3d7ff7
post-0180-137,137,1,post_flip,bug_fix_eta,2,2,1,1,1,0,"s4_contradiction,s4_contradiction,s4_contradiction,s4_contradiction,s4_contradiction,s4_contradiction,s4_contradiction,s4_contradiction,s4_contradiction,s4_contradiction",The fix ships in week 14.,efe_shadow,30693469,arousal_shadow,30693469
post-0181-137,137,1,post_flip,budget_ceiling,2,2,1,1,1,0,"s4_contradiction,s4_contradiction,s4_contradiction,s4_contradiction,s4_contradiction,s4_contradiction,s4_contradiction,s4_contradiction,s4_contradiction,s4_contradiction",Q3 budget ceiling is $50k.,efe_shadow,9271141b,arousal_shadow,9271141b
post-0182-137,137,1,post_flip,ceo_name,1,1,1,1,1,0,"s4_contradiction,s4_contradiction,s4_contradiction,s4_contradiction,s4_contradiction,s4_contradiction,s4_contradiction,s4_contradiction,s4_contradiction,s4_contradiction",Update: the actual CEO is Marcus Chen.,efe_real,75575679,arousal_real,75575679
post-0183-137,137,1,post_flip,supplier_name,2,2,1,1,1,0,"s4_contradiction,s4_contradiction,s4_contradiction,s4_contradiction,s4_contradiction,s4_contradiction,s4_contradiction,s4_contradiction,s4_contradiction,s4_contradiction",We source components from Acme Industries.,efe_shadow,304e2924,arousal_shadow,304e2924
post-0184-137,137,1,post_flip,bug_fix_eta,2,2,1,1,1,0,"s4_contradiction,s4_contradiction,s4_contradiction,s4_contradiction,s4_contradiction,s4_contradiction,s4_contradiction,s4_contradiction,s4_contradiction,s4_contradiction",The fix ships in week 14.,efe_shadow,30693469,arousal_shadow,30693469
post-0185-137,137,1,post_flip,dependency_lib,2,2,1,1,1,0,"s4_contradiction,s4_contradiction,s4_contradiction,s4_contradiction,s4_contradiction,s4_contradiction,s4_contradiction,s4_contradiction,s4_contradiction,s4_contradiction",We use OpenSSL for crypto.,efe_real,3d3d7ff7,arousal_real,3d3d7ff7
post-0186-137,137,1,post_flip,supplier_name,2,2,1,1,1,0,"s4_contradiction,s4_contradiction,s4_contradiction,s4_contradiction,s4_contradiction,s4_contradiction,s4_contradiction,s4_contradiction,s4_contradiction,s4_contradiction",We source components from Acme Industries.,efe_shadow,304e2924,arousal_shadow,304e2924
post-0187-137,137,1,post_flip,api_version,1,1,1,1,1,0,"s4_contradiction,s4_contradiction,s4_contradiction,s4_contradiction,s4_contradiction,s4_contradiction,s4_contradiction,s4_contradiction,s4_contradiction,s4_contradiction",API rolled forward to version 3.0.,efe_real,3d6dc512,arousal_real,3d6dc512
post-0188-137,137,1,post_flip,launch_date,2,2,1,1,1,0,"s4_contradiction,s4_contradiction,s4_contradiction,s4_contradiction,s4_contradiction,s4_contradiction,s4_contradiction,s4_contradiction,s4_contradiction,s4_contradiction",The product launches on 2026-06-01.,efe_real,cf50ae39,arousal_real,cf50ae39
post-0189-137,137,1,post_flip,dependency_lib,2,2,1,1,1,0,"s4_contradiction,s4_contradiction,s4_contradiction,s4_contradiction,s4_contradiction,s4_contradiction,s4_contradiction,s4_contradiction,s4_contradiction,s4_contradiction",We use OpenSSL for crypto.,efe_real,3d3d7ff7,arousal_real,3d3d7ff7
post-0190-137,137,1,post_flip,dependency_lib,2,2,1,1,1,0,"s4_contradiction,s4_contradiction,s4_contradiction,s4_contradiction,s4_contradiction,s4_contradiction,s4_contradiction,s4_contradiction,s4_contradiction,s4_contradiction",We use OpenSSL for crypto.,efe_real,3d3d7ff7,arousal_real,3d3d7ff7
post-0191-137,137,1,post_flip,price_usd,2,1,1,1,1,0,"s4_contradiction,s4_contradiction,s4_contradiction,s4_contradiction,s4_contradiction,s4_contradiction,s4_contradiction,s4_contradiction,s4_contradiction,s4_contradiction",Annual subscription is $499.,efe_real,5d38734a,arousal_real,5d38734a
post-0192-137,137,1,post_flip,launch_date,2,2,1,1,1,0,"s4_contradiction,s4_contradiction,s4_contradiction,s4_contradiction,s4_contradiction,s4_contradiction,s4_contradiction,s4_contradiction,s4_contradiction,s4_contradiction",The product launches on 2026-06-01.,efe_real,cf50ae39,arousal_real,cf50ae39
post-0193-137,137,1,post_flip,ceo_name,1,1,1,1,1,0,"s4_contradiction,s4_contradiction,s4_contradiction,s4_contradiction,s4_contradiction,s4_contradiction,s4_contradiction,s4_contradiction,s4_contradiction,s4_contradiction",Update: the actual CEO is Marcus Chen.,efe_real,75575679,arousal_real,75575679
post-0194-137,137,1,post_flip,api_version,1,1,1,1,1,0,"s4_contradiction,s4_contradiction,s4_contradiction,s4_contradiction,s4_contradiction,s4_contradiction,s4_contradiction,s4_contradiction,s4_contradiction,s4_contradiction",API rolled forward to version 3.0.,efe_real,3d6dc512,arousal_real,3d6dc512
post-0195-137,137,1,post_flip,supplier_name,2,2,1,1,1,0,"s4_contradiction,s4_contradiction,s4_contradiction,s4_contradiction,s4_contradiction,s4_contradiction,s4_contradiction,s4_contradiction,s4_contradiction,s4_contradiction",We source components from Acme Industries.,efe_shadow,304e2924,arousal_shadow,304e2924
post-0196-137,137,1,post_flip,api_version,1,1,1,1,1,0,"s4_contradiction,s4_contradiction,s4_contradiction,s4_contradiction,s4_contradiction,s4_contradiction,s4_contradiction,s4_contradiction,s4_contradiction,s4_contradiction",API rolled forward to version 3.0.,efe_real,3d6dc512,arousal_real,3d6dc512
post-0197-137,137,1,post_flip,ceo_name,1,1,1,1,1,0,"s4_contradiction,s4_contradiction,s4_contradiction,s4_contradiction,s4_contradiction,s4_contradiction,s4_contradiction,s4_contradiction,s4_contradiction,s4_contradiction",Update: the actual CEO is Marcus Chen.,efe_real,75575679,arousal_real,75575679
post-0198-137,137,1,post_flip,api_version,1,1,1,1,1,0,"s4_contradiction,s4_contradiction,s4_contradiction,s4_contradiction,s4_contradiction,s4_contradiction,s4_contradiction,s4_contradiction,s4_contradiction,s4_contradiction",API rolled forward to version 3.0.,efe_real,3d6dc512,arousal_real,3d6dc512
post-0199-137,137,1,post_flip,bug_fix_eta,2,2,1,1,1,0,"s4_contradiction,s4_contradiction,s4_contradiction,s4_contradiction,s4_contradiction,s4_contradiction,s4_contradiction,s4_contradiction,s4_contradiction,s4_contradiction",The fix ships in week 14.,efe_shadow,30693469,arousal_shadow,30693469
post-0200-137,137,1,post_flip,budget_ceiling,2,2,1,1,1,0,"s4_contradiction,s4_contradiction,s4_contradiction,s4_contradiction,s4_contradiction,s4_contradiction,s4_contradiction,s4_contradiction,s4_contradiction,s4_contradiction",Q3 budget ceiling is $50k.,efe_shadow,9271141b,arousal_shadow,9271141b
post-0201-137,137,1,post_flip,budget_ceiling,2,2,1,1,1,0,"s4_contradiction,s4_contradiction,s4_contradiction,s4_contradiction,s4_contradiction,s4_contradiction,s4_contradiction,s4_contradiction,s4_contradiction,s4_contradiction",Q3 budget ceiling is $50k.,efe_shadow,9271141b,arousal_shadow,9271141b
post-0202-137,137,1,post_flip,dependency_lib,2,2,1,1,1,0,"s4_contradiction,s4_contradiction,s4_contradiction,s4_contradiction,s4_contradiction,s4_contradiction,s4_contradiction,s4_contradiction,s4_contradiction,s4_contradiction",We use OpenSSL for crypto.,efe_real,3d3d7ff7,arousal_real,3d3d7ff7
post-0203-137,137,1,post_flip,dependency_lib,2,2,1,1,1,0,"s4_contradiction,s4_contradiction,s4_contradiction,s4_contradiction,s4_contradiction,s4_contradiction,s4_contradiction,s4_contradiction,s4_contradiction,s4_contradiction",We use OpenSSL for crypto.,efe_real,3d3d7ff7,arousal_real,3d3d7ff7
post-0204-137,137,1,post_flip,dependency_lib,2,2,1,1,1,0,"s4_contradiction,s4_contradiction,s4_contradiction,s4_contradiction,s4_contradiction,s4_contradiction,s4_contradiction,s4_contradiction,s4_contradiction,s4_contradiction",We use OpenSSL for crypto.,efe_real,3d3d7ff7,arousal_real,3d3d7ff7
post-0205-137,137,1,post_flip,ceo_name,1,1,1,1,1,0,"s4_contradiction,s4_contradiction,s4_contradiction,s4_contradiction,s4_contradiction,s4_contradiction,s4_contradiction,s4_contradiction,s4_contradiction,s4_contradiction",Update: the actual CEO is Marcus Chen.,efe_real,75575679,arousal_real,75575679
post-0206-137,137,1,post_flip,api_version,1,1,1,1,1,0,"s4_contradiction,s4_contradiction,s4_contradiction,s4_contradiction,s4_contradiction,s4_contradiction,s4_contradiction,s4_contradiction,s4_contradiction,s4_contradiction",API rolled forward to version 3.0.,efe_real,3d6dc512,arousal_real,3d6dc512
post-0207-137,137,1,post_flip,launch_date,2,2,1,1,1,0,"s4_contradiction,s4_contradiction,s4_contradiction,s4_contradiction,s4_contradiction,s4_contradiction,s4_contradiction,s4_contradiction,s4_contradiction,s4_contradiction",The product launches on 2026-06-01.,efe_real,cf50ae39,arousal_real,cf50ae39
post-0208-137,137,1,post_flip,api_version,1,1,1,1,1,0,"s4_contradiction,s4_contradiction,s4_contradiction,s4_contradiction,s4_contradiction,s4_contradiction,s4_contradiction,s4_contradiction,s4_contradiction,s4_contradiction",API rolled forward to version 3.0.,efe_real,3d6dc512,arousal_real,3d6dc512
post-0209-137,137,1,post_flip,ceo_name,1,1,1,1,1,0,"s4_contradiction,s4_contradiction,s4_contradiction,s4_contradiction,s4_contradiction,s4_contradiction,s4_contradiction,s4_contradiction,s4_contradiction,s4_contradiction",Update: the actual CEO is Marcus Chen.,efe_real,75575679,arousal_real,75575679
post-0210-137,137,1,post_flip,budget_ceiling,2,2,1,1,1,0,"s4_contradiction,s4_contradiction,s4_contradiction,s4_contradiction,s4_contradiction,s4_contradiction,s4_contradiction,s4_contradiction,s4_contradiction,s4_contradiction",Q3 budget ceiling is $50k.,efe_shadow,9271141b,arousal_shadow,9271141b
post-0211-137,137,1,post_flip,api_version,1,1,1,1,1,0,"s4_contradiction,s4_contradiction,s4_contradiction,s4_contradiction,s4_contradiction,s4_contradiction,s4_contradiction,s4_contradiction,s4_contradiction,s4_contradiction",API rolled forward to version 3.0.,efe_real,3d6dc512,arousal_real,3d6dc512
post-0212-137,137,1,post_flip,bug_fix_eta,2,2,1,1,1,0,"s4_contradiction,s4_contradiction,s4_contradiction,s4_contradiction,s4_contradiction,s4_contradiction,s4_contradiction,s4_contradiction,s4_contradiction,s4_contradiction",The fix ships in week 14.,efe_shadow,30693469,arousal_shadow,30693469
post-0213-137,137,1,post_flip,dependency_lib,2,2,1,1,1,0,"s4_contradiction,s4_contradiction,s4_contradiction,s4_contradiction,s4_contradiction,s4_contradiction,s4_contradiction,s4_contradiction,s4_contradiction,s4_contradiction",We use OpenSSL for crypto.,efe_real,3d3d7ff7,arousal_real,3d3d7ff7
post-0214-137,137,1,post_flip,ceo_name,1,1,1,1,1,0,"s4_contradiction,s4_contradiction,s4_contradiction,s4_contradiction,s4_contradiction,s4_contradiction,s4_contradiction,s4_contradiction,s4_contradiction,s4_contradiction",Update: the actual CEO is Marcus Chen.,efe_real,75575679,arousal_real,75575679
post-0215-137,137,1,post_flip,ceo_name,1,1,1,1,1,0,"s4_contradiction,s4_contradiction,s4_contradiction,s4_contradiction,s4_contradiction,s4_contradiction,s4_contradiction,s4_contradiction,s4_contradiction,s4_contradiction",Update: the actual CEO is Marcus Chen.,efe_real,75575679,arousal_real,75575679
post-0216-137,137,1,post_flip,supplier_name,2,2,1,1,1,0,"s4_contradiction,s4_contradiction,s4_contradiction,s4_contradiction,s4_contradiction,s4_contradiction,s4_contradiction,s4_contradiction,s4_contradiction,s4_contradiction",We source components from Acme Industries.,efe_shadow,304e2924,arousal_shadow,304e2924
post-0217-137,137,1,post_flip,launch_date,2,2,1,1,1,0,"s4_contradiction,s4_contradiction,s4_contradiction,s4_contradiction,s4_contradiction,s4_contradiction,s4_contradiction,s4_contradiction,s4_contradiction,s4_contradiction",The product launches on 2026-06-01.,efe_real,cf50ae39,arousal_real,cf50ae39
post-0218-137,137,1,post_flip,api_version,1,1,1,1,1,0,"s4_contradiction,s4_contradiction,s4_contradiction,s4_contradiction,s4_contradiction,s4_contradiction,s4_contradiction,s4_contradiction,s4_contradiction,s4_contradiction",API rolled forward to version 3.0.,efe_real,3d6dc512,arousal_real,3d6dc512
post-0219-137,137,1,post_flip,dependency_lib,2,2,1,1,1,0,"s4_contradiction,s4_contradiction,s4_contradiction,s4_contradiction,s4_contradiction,s4_contradiction,s4_contradiction,s4_contradiction,s4_contradiction,s4_contradiction",We use OpenSSL for crypto.,efe_real,3d3d7ff7,arousal_real,3d3d7ff7
post-0220-137,137,1,post_flip,launch_date,2,2,1,1,1,0,"s4_contradiction,s4_contradiction,s4_contradiction,s4_contradiction,s4_contradiction,s4_contradiction,s4_contradiction,s4_contradiction,s4_contradiction,s4_contradiction",The product launches on 2026-06-01.,efe_real,cf50ae39,arousal_real,cf50ae39
post-0221-137,137,1,post_flip,budget_ceiling,2,2,1,1,1,0,"s4_contradiction,s4_contradiction,s4_contradiction,s4_contradiction,s4_contradiction,s4_contradiction,s4_contradiction,s4_contradiction,s4_contradiction,s4_contradiction",Q3 budget ceiling is $50k.,efe_shadow,9271141b,arousal_shadow,9271141b
post-0222-137,137,1,post_flip,launch_date,2,2,1,1,1,0,"s4_contradiction,s4_contradiction,s4_contradiction,s4_contradiction,s4_contradiction,s4_contradiction,s4_contradiction,s4_contradiction,s4_contradiction,s4_contradiction",The product launches on 2026-06-01.,efe_real,cf50ae39,arousal_real,cf50ae39
post-0223-137,137,1,post_flip,conference_city,2,2,1,1,1,0,"s4_contradiction,s4_contradiction,s4_contradiction,s4_contradiction,s4_contradiction,s4_contradiction,s4_contradiction,s4_contradiction,s4_contradiction,s4_contradiction",Annual conference will be in Berlin.,efe_real,43730606,arousal_real,43730606
post-0224-137,137,1,post_flip,price_usd,2,1,1,1,1,0,"s4_contradiction,s4_contradiction,s4_contradiction,s4_contradiction,s4_contradiction,s4_contradiction,s4_contradiction,s4_contradiction,s4_contradiction,s4_contradiction",Annual subscription is $499.,efe_real,5d38734a,arousal_real,5d38734a
post-0225-137,137,1,post_flip,launch_date,2,2,1,1,1,0,"s4_contradiction,s4_contradiction,s4_contradiction,s4_contradiction,s4_contradiction,s4_contradiction,s4_contradiction,s4_contradiction,s4_contradiction,s4_contradiction",The product launches on 2026-06-01.,efe_real,cf50ae39,arousal_real,cf50ae39
post-0226-137,137,1,post_flip,price_usd,2,1,1,1,1,0,"s4_contradiction,s4_contradiction,s4_contradiction,s4_contradiction,s4_contradiction,s4_contradiction,s4_contradiction,s4_contradiction,s4_contradiction,s4_contradiction",Annual subscription is $499.,efe_real,5d38734a,arousal_real,5d38734a
post-0227-137,137,1,post_flip,budget_ceiling,2,2,1,1,1,0,"s4_contradiction,s4_contradiction,s4_contradiction,s4_contradiction,s4_contradiction,s4_contradiction,s4_contradiction,s4_contradiction,s4_contradiction,s4_contradiction",Q3 budget ceiling is $50k.,efe_shadow,9271141b,arousal_shadow,9271141b
post-0228-137,137,1,post_flip,dependency_lib,2,2,1,1,1,0,"s4_contradiction,s4_contradiction,s4_contradiction,s4_contradiction,s4_contradiction,s4_contradiction,s4_contradiction,s4_contradiction,s4_contradiction,s4_contradiction",We use OpenSSL for crypto.,efe_real,3d3d7ff7,arousal_real,3d3d7ff7
post-0229-137,137,1,post_flip,api_version,1,1,1,1,1,0,"s4_contradiction,s4_contradiction,s4_contradiction,s4_contradiction,s4_contradiction,s4_contradiction,s4_contradiction,s4_contradiction,s4_contradiction,s4_contradiction",API rolled forward to version 3.0.,efe_real,3d6dc512,arousal_real,3d6dc512
post-0230-137,137,1,post_flip,hq_city,2,2,1,1,1,0,"s4_contradiction,s4_contradiction,s4_contradiction,s4_contradiction,s4_contradiction,s4_contradiction,s4_contradiction,s4_contradiction,s4_contradiction,s4_contradiction","Headquarters in Austin, Texas.",efe_real,73484533,arousal_real,73484533
post-0231-137,137,1,post_flip,supplier_name,2,2,1,1,1,0,"s4_contradiction,s4_contradiction,s4_contradiction,s4_contradiction,s4_contradiction,s4_contradiction,s4_contradiction,s4_contradiction,s4_contradiction,s4_contradiction",We source components from Acme Industries.,efe_shadow,304e2924,arousal_shadow,304e2924
post-0232-137,137,1,post_flip,dependency_lib,2,2,1,1,1,0,"s4_contradiction,s4_contradiction,s4_contradiction,s4_contradiction,s4_contradiction,s4_contradiction,s4_contradiction,s4_contradiction,s4_contradiction,s4_contradiction",We use OpenSSL for crypto.,efe_real,3d3d7ff7,arousal_real,3d3d7ff7
post-0233-137,137,1,post_flip,conference_city,2,2,1,1,1,0,"s4_contradiction,s4_contradiction,s4_contradiction,s4_contradiction,s4_contradiction,s4_contradiction,s4_contradiction,s4_contradiction,s4_contradiction,s4_contradiction",Annual conference will be in Berlin.,efe_real,43730606,arousal_real,43730606
post-0234-137,137,1,post_flip,conference_city,2,2,1,1,1,0,"s4_contradiction,s4_contradiction,s4_contradiction,s4_contradiction,s4_contradiction,s4_contradiction,s4_contradiction,s4_contradiction,s4_contradiction,s4_contradiction",Annual conference will be in Berlin.,efe_real,43730606,arousal_real,43730606
post-0235-137,137,1,post_flip,supplier_name,2,2,1,1,1,0,"s4_contradiction,s4_contradiction,s4_contradiction,s4_contradiction,s4_contradiction,s4_contradiction,s4_contradiction,s4_contradiction,s4_contradiction,s4_contradiction",We source components from Acme Industries.,efe_shadow,304e2924,arousal_shadow,304e2924
post-0236-137,137,1,post_flip,ceo_name,1,1,1,1,1,0,"s4_contradiction,s4_contradiction,s4_contradiction,s4_contradiction,s4_contradiction,s4_contradiction,s4_contradiction,s4_contradiction,s4_contradiction,s4_contradiction",Update: the actual CEO is Marcus Chen.,efe_real,75575679,arousal_real,75575679
post-0237-137,137,1,post_flip,supplier_name,2,2,1,1,1,0,"s4_contradiction,s4_contradiction,s4_contradiction,s4_contradiction,s4_contradiction,s4_contradiction,s4_contradiction,s4_contradiction,s4_contradiction,s4_contradiction",We source components from Acme Industries.,efe_shadow,304e2924,arousal_shadow,304e2924
post-0238-137,137,1,post_flip,dependency_lib,2,2,1,1,1,0,"s4_contradiction,s4_contradiction,s4_contradiction,s4_contradiction,s4_contradiction,s4_contradiction,s4_contradiction,s4_contradiction,s4_contradiction,s4_contradiction",We use OpenSSL for crypto.,efe_real,3d3d7ff7,arousal_real,3d3d7ff7
post-0239-137,137,1,post_flip,launch_date,2,2,1,1,1,0,"s4_contradiction,s4_contradiction,s4_contradiction,s4_contradiction,s4_contradiction,s4_contradiction,s4_contradiction,s4_contradiction,s4_contradiction,s4_contradiction",The product launches on 2026-06-01.,efe_real,cf50ae39,arousal_real,cf50ae39
post-0240-137,137,1,post_flip,ceo_name,1,1,1,1,1,0,"s4_contradiction,s4_contradiction,s4_contradiction,s4_contradiction,s4_contradiction,s4_contradiction,s4_contradiction,s4_contradiction,s4_contradiction,s4_contradiction",Update: the actual CEO is Marcus Chen.,efe_real,75575679,arousal_real,75575679
post-0241-137,137,1,post_flip,conference_city,2,2,1,1,1,0,"s4_contradiction,s4_contradiction,s4_contradiction,s4_contradiction,s4_contradiction,s4_contradiction,s4_contradiction,s4_contradiction,s4_contradiction,s4_contradiction",Annual conference will be in Berlin.,efe_real,43730606,arousal_real,43730606
post-0242-137,137,1,post_flip,budget_ceiling,2,2,1,1,1,0,"s4_contradiction,s4_contradiction,s4_contradiction,s4_contradiction,s4_contradiction,s4_contradiction,s4_contradiction,s4_contradiction,s4_contradiction,s4_contradiction",Q3 budget ceiling is $50k.,efe_shadow,9271141b,arousal_shadow,9271141b
post-0243-137,137,1,post_flip,api_version,1,1,1,1,1,0,"s4_contradiction,s4_contradiction,s4_contradiction,s4_contradiction,s4_contradiction,s4_contradiction,s4_contradiction,s4_contradiction,s4_contradiction,s4_contradiction",API rolled forward to version 3.0.,efe_real,3d6dc512,arousal_real,3d6dc512
post-0244-137,137,1,post_flip,hq_city,2,2,1,1,1,0,"s4_contradiction,s4_contradiction,s4_contradiction,s4_contradiction,s4_contradiction,s4_contradiction,s4_contradiction,s4_contradiction,s4_contradiction,s4_contradiction","Headquarters in Austin, Texas.",efe_real,73484533,arousal_real,73484533
post-0245-137,137,1,post_flip,bug_fix_eta,2,2,1,1,1,0,"s4_contradiction,s4_contradiction,s4_contradiction,s4_contradiction,s4_contradiction,s4_contradiction,s4_contradiction,s4_contradiction,s4_contradiction,s4_contradiction",The fix ships in week 14.,efe_shadow,30693469,arousal_shadow,30693469
post-0246-137,137,1,post_flip,budget_ceiling,2,2,1,1,1,0,"s4_contradiction,s4_contradiction,s4_contradiction,s4_contradiction,s4_contradiction,s4_contradiction,s4_contradiction,s4_contradiction,s4_contradiction,s4_contradiction",Q3 budget ceiling is $50k.,efe_shadow,9271141b,arousal_shadow,9271141b
post-0247-137,137,1,post_flip,dependency_lib,2,2,1,1,1,0,"s4_contradiction,s4_contradiction,s4_contradiction,s4_contradiction,s4_contradiction,s4_contradiction,s4_contradiction,s4_contradiction,s4_contradiction,s4_contradiction",We use OpenSSL for crypto.,efe_real,3d3d7ff7,arousal_real,3d3d7ff7
post-0248-137,137,1,post_flip,supplier_name,2,2,1,1,1,0,"s4_contradiction,s4_contradiction,s4_contradiction,s4_contradiction,s4_contradiction,s4_contradiction,s4_contradiction,s4_contradiction,s4_contradiction,s4_contradiction",We source components from Acme Industries.,efe_shadow,304e2924,arousal_shadow,304e2924
post-0249-137,137,1,post_flip,bug_fix_eta,2,2,1,1,1,0,"s4_contradiction,s4_contradiction,s4_contradiction,s4_contradiction,s4_contradiction,s4_contradiction,s4_contradiction,s4_contradiction,s4_contradiction,s4_contradiction",The fix ships in week 14.,efe_shadow,30693469,arousal_shadow,30693469
hist-0000-137,137,1,historical_verbatim,budget_ceiling,1,1,1,1,1,0,"s4_contradiction,s4_contradiction,s4_contradiction,s4_contradiction,s4_contradiction,s4_contradiction,s4_contradiction,s4_contradiction,s4_contradiction,s4_contradiction",Q3 budget ceiling is $50k.,efe_real,350c68c3,arousal_real,350c68c3
hist-0001-137,137,1,historical_verbatim,api_version,1,2,1,1,1,0,"s4_contradiction,s4_contradiction,s4_contradiction,s4_contradiction,s4_contradiction,s4_contradiction,s4_contradiction,s4_contradiction,s4_contradiction,s4_contradiction",Public API is at version 2.3.,efe_shadow,109ab0a6,arousal_shadow,109ab0a6
hist-0002-137,137,1,historical_verbatim,budget_ceiling,1,1,1,1,1,0,"s4_contradiction,s4_contradiction,s4_contradiction,s4_contradiction,s4_contradiction,s4_contradiction,s4_contradiction,s4_contradiction,s4_contradiction,s4_contradiction",Q3 budget ceiling is $50k.,efe_real,350c68c3,arousal_real,350c68c3
hist-0003-137,137,1,historical_verbatim,ceo_name,1,2,1,1,1,0,"s4_contradiction,s4_contradiction,s4_contradiction,s4_contradiction,s4_contradiction,s4_contradiction,s4_contradiction,s4_contradiction,s4_contradiction,s4_contradiction",The new CEO is Sarah Williams.,efe_shadow,ea618ef5,arousal_shadow,ea618ef5
hist-0004-137,137,1,historical_verbatim,supplier_name,2,5,1,1,1,0,"s4_contradiction,s4_contradiction,s4_contradiction,s4_contradiction,s4_contradiction,s4_contradiction,s4_contradiction,s4_contradiction,s4_contradiction,s4_contradiction",Vendor renewals are tracked in the procurement spreadsheet.,efe_real,3baae30c,arousal_real,3baae30c
hist-0005-137,137,1,historical_verbatim,ceo_name,1,2,1,1,1,0,"s4_contradiction,s4_contradiction,s4_contradiction,s4_contradiction,s4_contradiction,s4_contradiction,s4_contradiction,s4_contradiction,s4_contradiction,s4_contradiction",The new CEO is Sarah Williams.,efe_shadow,ea618ef5,arousal_shadow,ea618ef5
hist-0006-137,137,1,historical_verbatim,launch_date,1,2,1,1,1,0,"s4_contradiction,s4_contradiction,s4_contradiction,s4_contradiction,s4_contradiction,s4_contradiction,s4_contradiction,s4_contradiction,s4_contradiction,s4_contradiction",The product launches on 2026-06-01.,efe_shadow,341866fb,arousal_shadow,341866fb
hist-0007-137,137,1,historical_verbatim,supplier_name,2,5,1,1,1,0,"s4_contradiction,s4_contradiction,s4_contradiction,s4_contradiction,s4_contradiction,s4_contradiction,s4_contradiction,s4_contradiction,s4_contradiction,s4_contradiction",Vendor renewals are tracked in the procurement spreadsheet.,efe_real,3baae30c,arousal_real,3baae30c
hist-0008-137,137,1,historical_verbatim,launch_date,1,2,1,1,1,0,"s4_contradiction,s4_contradiction,s4_contradiction,s4_contradiction,s4_contradiction,s4_contradiction,s4_contradiction,s4_contradiction,s4_contradiction,s4_contradiction",The product launches on 2026-06-01.,efe_shadow,341866fb,arousal_shadow,341866fb
hist-0009-137,137,1,historical_verbatim,api_version,1,2,1,1,1,0,"s4_contradiction,s4_contradiction,s4_contradiction,s4_contradiction,s4_contradiction,s4_contradiction,s4_contradiction,s4_contradiction,s4_contradiction,s4_contradiction",Public API is at version 2.3.,efe_shadow,109ab0a6,arousal_shadow,109ab0a6
hist-0010-137,137,1,historical_verbatim,supplier_name,2,5,1,1,1,0,"s4_contradiction,s4_contradiction,s4_contradiction,s4_contradiction,s4_contradiction,s4_contradiction,s4_contradiction,s4_contradiction,s4_contradiction,s4_contradiction",Vendor renewals are tracked in the procurement spreadsheet.,efe_real,3baae30c,arousal_real,3baae30c
hist-0011-137,137,1,historical_verbatim,budget_ceiling,1,1,1,1,1,0,"s4_contradiction,s4_contradiction,s4_contradiction,s4_contradiction,s4_contradiction,s4_contradiction,s4_contradiction,s4_contradiction,s4_contradiction,s4_contradiction",Q3 budget ceiling is $50k.,efe_real,350c68c3,arousal_real,350c68c3
hist-0012-137,137,1,historical_verbatim,api_version,1,2,1,1,1,0,"s4_contradiction,s4_contradiction,s4_contradiction,s4_contradiction,s4_contradiction,s4_contradiction,s4_contradiction,s4_contradiction,s4_contradiction,s4_contradiction",Public API is at version 2.3.,efe_shadow,109ab0a6,arousal_shadow,109ab0a6
hist-0013-137,137,1,historical_verbatim,ceo_name,1,2,1,1,1,0,"s4_contradiction,s4_contradiction,s4_contradiction,s4_contradiction,s4_contradiction,s4_contradiction,s4_contradiction,s4_contradiction,s4_contradiction,s4_contradiction",The new CEO is Sarah Williams.,efe_shadow,ea618ef5,arousal_shadow,ea618ef5
hist-0014-137,137,1,historical_verbatim,launch_date,1,2,1,1,1,0,"s4_contradiction,s4_contradiction,s4_contradiction,s4_contradiction,s4_contradiction,s4_contradiction,s4_contradiction,s4_contradiction,s4_contradiction,s4_contradiction",The product launches on 2026-06-01.,efe_shadow,341866fb,arousal_shadow,341866fb
hist-0015-137,137,1,historical_verbatim,supplier_name,2,5,1,1,1,0,"s4_contradiction,s4_contradiction,s4_contradiction,s4_contradiction,s4_contradiction,s4_contradiction,s4_contradiction,s4_contradiction,s4_contradiction,s4_contradiction",Vendor renewals are tracked in the procurement spreadsheet.,efe_real,3baae30c,arousal_real,3baae30c
hist-0016-137,137,1,historical_verbatim,ceo_name,1,2,1,1,1,0,"s4_contradiction,s4_contradiction,s4_contradiction,s4_contradiction,s4_contradiction,s4_contradiction,s4_contradiction,s4_contradiction,s4_contradiction,s4_contradiction",The new CEO is Sarah Williams.,efe_shadow,ea618ef5,arousal_shadow,ea618ef5
hist-0017-137,137,1,historical_verbatim,price_usd,2,6,1,1,1,0,"s4_contradiction,s4_contradiction,s4_contradiction,s4_contradiction,s4_contradiction,s4_contradiction,s4_contradiction,s4_contradiction,s4_contradiction,s4_contradiction",Q3 budget ceiling is $50k.,efe_shadow,06e7d410,arousal_shadow,06e7d410
hist-0018-137,137,1,historical_verbatim,api_version,1,2,1,1,1,0,"s4_contradiction,s4_contradiction,s4_contradiction,s4_contradiction,s4_contradiction,s4_contradiction,s4_contradiction,s4_contradiction,s4_contradiction,s4_contradiction",Public API is at version 2.3.,efe_shadow,109ab0a6,arousal_shadow,109ab0a6
hist-0019-137,137,1,historical_verbatim,ceo_name,1,2,1,1,1,0,"s4_contradiction,s4_contradiction,s4_contradiction,s4_contradiction,s4_contradiction,s4_contradiction,s4_contradiction,s4_contradiction,s4_contradiction,s4_contradiction",The new CEO is Sarah Williams.,efe_shadow,ea618ef5,arousal_shadow,ea618ef5
hist-0020-137,137,1,historical_verbatim,price_usd,2,6,1,1,1,0,"s4_contradiction,s4_contradiction,s4_contradiction,s4_contradiction,s4_contradiction,s4_contradiction,s4_contradiction,s4_contradiction,s4_contradiction,s4_contradiction",Q3 budget ceiling is $50k.,efe_shadow,06e7d410,arousal_shadow,06e7d410
hist-0021-137,137,1,historical_verbatim,launch_date,1,2,1,1,1,0,"s4_contradiction,s4_contradiction,s4_contradiction,s4_contradiction,s4_contradiction,s4_contradiction,s4_contradiction,s4_contradiction,s4_contradiction,s4_contradiction",The product launches on 2026-06-01.,efe_shadow,341866fb,arousal_shadow,341866fb
hist-0022-137,137,1,historical_verbatim,ceo_name,1,2,1,1,1,0,"s4_contradiction,s4_contradiction,s4_contradiction,s4_contradiction,s4_contradiction,s4_contradiction,s4_contradiction,s4_contradiction,s4_contradiction,s4_contradiction",The new CEO is Sarah Williams.,efe_shadow,ea618ef5,arousal_shadow,ea618ef5
hist-0023-137,137,1,historical_verbatim,budget_ceiling,1,1,1,1,1,0,"s4_contradiction,s4_contradiction,s4_contradiction,s4_contradiction,s4_contradiction,s4_contradiction,s4_contradiction,s4_contradiction,s4_contradiction,s4_contradiction",Q3 budget ceiling is $50k.,efe_real,350c68c3,arousal_real,350c68c3
hist-0024-137,137,1,historical_verbatim,launch_date,1,2,1,1,1,0,"s4_contradiction,s4_contradiction,s4_contradiction,s4_contradiction,s4_contradiction,s4_contradiction,s4_contradiction,s4_contradiction,s4_contradiction,s4_contradiction",The product launches on 2026-06-01.,efe_shadow,341866fb,arousal_shadow,341866fb
hist-0025-137,137,1,historical_verbatim,ceo_name,1,2,1,1,1,0,"s4_contradiction,s4_contradiction,s4_contradiction,s4_contradiction,s4_contradiction,s4_contradiction,s4_contradiction,s4_contradiction,s4_contradiction,s4_contradiction",The new CEO is Sarah Williams.,efe_shadow,ea618ef5,arousal_shadow,ea618ef5
hist-0026-137,137,1,historical_verbatim,budget_ceiling,1,1,1,1,1,0,"s4_contradiction,s4_contradiction,s4_contradiction,s4_contradiction,s4_contradiction,s4_contradiction,s4_contradiction,s4_contradiction,s4_contradiction,s4_contradiction",Q3 budget ceiling is $50k.,efe_real,350c68c3,arousal_real,350c68c3
hist-0027-137,137,1,historical_verbatim,launch_date,1,2,1,1,1,0,"s4_contradiction,s4_contradiction,s4_contradiction,s4_contradiction,s4_contradiction,s4_contradiction,s4_contradiction,s4_contradiction,s4_contradiction,s4_contradiction",The product launches on 2026-06-01.,efe_shadow,341866fb,arousal_shadow,341866fb
hist-0028-137,137,1,historical_verbatim,ceo_name,1,2,1,1,1,0,"s4_contradiction,s4_contradiction,s4_contradiction,s4_contradiction,s4_contradiction,s4_contradiction,s4_contradiction,s4_contradiction,s4_contradiction,s4_contradiction",The new CEO is Sarah Williams.,efe_shadow,ea618ef5,arousal_shadow,ea618ef5
hist-0029-137,137,1,historical_verbatim,ceo_name,1,2,1,1,1,0,"s4_contradiction,s4_contradiction,s4_contradiction,s4_contradiction,s4_contradiction,s4_contradiction,s4_contradiction,s4_contradiction,s4_contradiction,s4_contradiction",The new CEO is Sarah Williams.,efe_shadow,ea618ef5,arousal_shadow,ea618ef5
hist-0030-137,137,1,historical_verbatim,budget_ceiling,1,1,1,1,1,0,"s4_contradiction,s4_contradiction,s4_contradiction,s4_contradiction,s4_contradiction,s4_contradiction,s4_contradiction,s4_contradiction,s4_contradiction,s4_contradiction",Q3 budget ceiling is $50k.,efe_real,350c68c3,arousal_real,350c68c3
hist-0031-137,137,1,historical_verbatim,api_version,1,2,1,1,1,0,"s4_contradiction,s4_contradiction,s4_contradiction,s4_contradiction,s4_contradiction,s4_contradiction,s4_contradiction,s4_contradiction,s4_contradiction,s4_contradiction",Public API is at version 2.3.,efe_shadow,109ab0a6,arousal_shadow,109ab0a6
hist-0032-137,137,1,historical_verbatim,dependency_lib,1,1,1,1,1,0,"s4_contradiction,s4_contradiction,s4_contradiction,s4_contradiction,s4_contradiction,s4_contradiction,s4_contradiction,s4_contradiction,s4_contradiction,s4_contradiction",We use OpenSSL for crypto.,efe_shadow,2630afb9,arousal_shadow,2630afb9
hist-0033-137,137,1,historical_verbatim,hq_city,1,2,1,1,1,0,"s4_contradiction,s4_contradiction,s4_contradiction,s4_contradiction,s4_contradiction,s4_contradiction,s4_contradiction,s4_contradiction,s4_contradiction,s4_contradiction","Headquarters in Austin, Texas.",efe_shadow,68a5feaf,arousal_shadow,68a5feaf
hist-0034-137,137,1,historical_verbatim,conference_city,1,2,1,1,1,0,"s4_contradiction,s4_contradiction,s4_contradiction,s4_contradiction,s4_contradiction,s4_contradiction,s4_contradiction,s4_contradiction,s4_contradiction,s4_contradiction",Annual conference will be in Berlin.,efe_shadow,2c3b55d2,arousal_shadow,2c3b55d2
hist-0035-137,137,1,historical_verbatim,ceo_name,1,2,1,1,1,0,"s4_contradiction,s4_contradiction,s4_contradiction,s4_contradiction,s4_contradiction,s4_contradiction,s4_contradiction,s4_contradiction,s4_contradiction,s4_contradiction",The new CEO is Sarah Williams.,efe_shadow,ea618ef5,arousal_shadow,ea618ef5
hist-0036-137,137,1,historical_verbatim,bug_fix_eta,3,7,1,1,1,0,"s4_contradiction,s4_contradiction,s4_contradiction,s4_contradiction,s4_contradiction,s4_contradiction,s4_contradiction,s4_contradiction,s4_contradiction,s4_contradiction",Translations are handled by an external agency.,efe_real,616e9857,arousal_real,616e9857
hist-0037-137,137,1,historical_verbatim,price_usd,2,6,1,1,1,0,"s4_contradiction,s4_contradiction,s4_contradiction,s4_contradiction,s4_contradiction,s4_contradiction,s4_contradiction,s4_contradiction,s4_contradiction,s4_contradiction",Q3 budget ceiling is $50k.,efe_shadow,06e7d410,arousal_shadow,06e7d410
hist-0038-137,137,1,historical_verbatim,supplier_name,2,5,1,1,1,0,"s4_contradiction,s4_contradiction,s4_contradiction,s4_contradiction,s4_contradiction,s4_contradiction,s4_contradiction,s4_contradiction,s4_contradiction,s4_contradiction",Vendor renewals are tracked in the procurement spreadsheet.,efe_real,3baae30c,arousal_real,3baae30c
hist-0039-137,137,1,historical_verbatim,price_usd,2,6,1,1,1,0,"s4_contradiction,s4_contradiction,s4_contradiction,s4_contradiction,s4_contradiction,s4_contradiction,s4_contradiction,s4_contradiction,s4_contradiction,s4_contradiction",Q3 budget ceiling is $50k.,efe_shadow,06e7d410,arousal_shadow,06e7d410
hist-0040-137,137,1,historical_verbatim,supplier_name,2,5,1,1,1,0,"s4_contradiction,s4_contradiction,s4_contradiction,s4_contradiction,s4_contradiction,s4_contradiction,s4_contradiction,s4_contradiction,s4_contradiction,s4_contradiction",Vendor renewals are tracked in the procurement spreadsheet.,efe_real,3baae30c,arousal_real,3baae30c
hist-0041-137,137,1,historical_verbatim,conference_city,1,2,1,1,1,0,"s4_contradiction,s4_contradiction,s4_contradiction,s4_contradiction,s4_contradiction,s4_contradiction,s4_contradiction,s4_contradiction,s4_contradiction,s4_contradiction",Annual conference will be in Berlin.,efe_shadow,2c3b55d2,arousal_shadow,2c3b55d2
hist-0042-137,137,1,historical_verbatim,hq_city,1,2,1,1,1,0,"s4_contradiction,s4_contradiction,s4_contradiction,s4_contradiction,s4_contradiction,s4_contradiction,s4_contradiction,s4_contradiction,s4_contradiction,s4_contradiction","Headquarters in Austin, Texas.",efe_shadow,68a5feaf,arousal_shadow,68a5feaf
hist-0043-137,137,1,historical_verbatim,launch_date,1,2,1,1,1,0,"s4_contradiction,s4_contradiction,s4_contradiction,s4_contradiction,s4_contradiction,s4_contradiction,s4_contradiction,s4_contradiction,s4_contradiction,s4_contradiction",The product launches on 2026-06-01.,efe_shadow,341866fb,arousal_shadow,341866fb
hist-0044-137,137,1,historical_verbatim,launch_date,1,2,1,1,1,0,"s4_contradiction,s4_contradiction,s4_contradiction,s4_contradiction,s4_contradiction,s4_contradiction,s4_contradiction,s4_contradiction,s4_contradiction,s4_contradiction",The product launches on 2026-06-01.,efe_shadow,341866fb,arousal_shadow,341866fb
